dataset,frame_id,perturbation,axis,value,unit,seed,inside_fov_ratio,object_point_retention,edge_alignment_score,chamfer_median_px,object_points_baseline,points_total,drift_threshold,drift_detected,chamfer_threshold_px,chamfer_drift_detected,retention_threshold,retention_drift_detected
kitti,000011,rotation,roll,-3.0,deg,42,0.18497463056923819,0.8132678132678133,0.48655569782330343,3.2792999744415283,1628,108004,0.4200183414122887,False,4.775000095367432,False,0.95,True
kitti,000011,rotation,roll,-2.0,deg,42,0.18503018406725677,0.8722358722358723,0.5120253164556962,2.865000009536743,1628,108004,0.4200183414122887,False,4.775000095367432,False,0.95,True
kitti,000011,rotation,roll,-1.0,deg,42,0.1846968630791452,0.9336609336609336,0.535202492211838,2.865000009536743,1628,108004,0.4200183414122887,False,4.775000095367432,False,0.95,True
kitti,000011,rotation,roll,-0.5,deg,42,0.1847246398281545,0.9594594594594594,0.5457920792079208,2.865000009536743,1628,108004,0.4200183414122887,False,4.775000095367432,False,0.95,False
kitti,000011,rotation,roll,0.0,deg,42,0.18467834524647236,1.0,0.5583538083538083,2.531450033187866,1628,108004,0.4200183414122887,False,4.775000095367432,False,0.95,False
kitti,000011,rotation,roll,0.5,deg,42,0.1846968630791452,0.957002457002457,0.5593846153846154,2.738600015640259,1628,108004,0.4200183414122887,False,4.775000095367432,False,0.95,False
kitti,000011,rotation,roll,1.0,deg,42,0.1847246398281545,0.914004914004914,0.5750463248919085,2.3243000507354736,1628,108004,0.4200183414122887,False,4.775000095367432,False,0.95,True
kitti,000011,rotation,roll,2.0,deg,42,0.18448390800340728,0.8544226044226044,0.5888198757763975,2.3243000507354736,1628,108004,0.4200183414122887,False,4.775000095367432,False,0.95,True
kitti,000011,rotation,roll,3.0,deg,42,0.1848913003222103,0.7868550368550369,0.5887850467289719,2.3243000507354736,1628,108004,0.4200183414122887,False,4.775000095367432,False,0.95,True
kitti,000011,rotation,pitch,-3.0,deg,42,0.20980704418354876,0.5632678132678133,0.707002457002457,1.3693000078201294,1628,108004,0.4200183414122887,False,4.775000095367432,False,0.95,True
kitti,000011,rotation,pitch,-2.0,deg,42,0.20153883189511498,0.7235872235872236,0.6498771498771498,1.909999966621399,1628,108004,0.4200183414122887,False,4.775000095367432,False,0.95,True
kitti,000011,rotation,pitch,-1.0,deg,42,0.1932891374393541,0.851965601965602,0.5939803439803439,2.3243000507354736,1628,108004,0.4200183414122887,False,4.775000095367432,False,0.95,True
kitti,000011,rotation,pitch,-0.5,deg,42,0.18951149957408986,0.9232186732186732,0.5712530712530712,2.3243000507354736,1628,108004,0.4200183414122887,False,4.775000095367432,False,0.95,True
kitti,000011,rotation,pitch,0.0,deg,42,0.18467834524647236,1.0,0.5583538083538083,2.531450033187866,1628,108004,0.4200183414122887,False,4.775000095367432,False,0.95,False
kitti,000011,rotation,pitch,0.5,deg,42,0.1805210918114144,0.9090909090909091,0.4996892479801119,3.2792999744415283,1628,108004,0.4200183414122887,False,4.775000095367432,False,0.95,True
kitti,000011,rotation,pitch,1.0,deg,42,0.1764749453723936,0.8531941031941032,0.44640605296343,3.819999933242798,1628,108004,0.4200183414122887,False,4.775000095367432,False,0.95,True
kitti,000011,rotation,pitch,2.0,deg,42,0.16800303692455834,0.7027027027027027,0.3803088803088803,5.603600025177002,1628,108004,0.4200183414122887,True,4.775000095367432,True,0.95,True
kitti,000011,rotation,pitch,3.0,deg,42,0.15953112847672307,0.5816953316953317,0.2767915844838922,7.9278998374938965,1628,108004,0.4200183414122887,True,4.775000095367432,True,0.95,True
kitti,000011,rotation,yaw,-3.0,deg,42,0.18362282878411912,0.23402948402948404,0.43734643734643736,4.107900142669678,1628,108004,0.4200183414122887,False,4.775000095367432,False,0.95,True
kitti,000011,rotation,yaw,-2.0,deg,42,0.1840302211029221,0.4262899262899263,0.4606879606879607,3.819999933242798,1628,108004,0.4200183414122887,False,4.775000095367432,False,0.95,True
kitti,000011,rotation,yaw,-1.0,deg,42,0.18455797933409873,0.6898034398034398,0.5178132678132679,2.865000009536743,1628,108004,0.4200183414122887,False,4.775000095367432,False,0.95,True
kitti,000011,rotation,yaw,-0.5,deg,42,0.18476167549350023,0.8488943488943489,0.5319410319410319,2.865000009536743,1628,108004,0.4200183414122887,False,4.775000095367432,False,0.95,True
kitti,000011,rotation,yaw,0.0,deg,42,0.18467834524647236,1.0,0.5583538083538083,2.531450033187866,1628,108004,0.4200183414122887,False,4.775000095367432,False,0.95,False
kitti,000011,rotation,yaw,0.5,deg,42,0.18467834524647236,0.8581081081081081,0.5708836617927527,2.3243000507354736,1628,108004,0.4200183414122887,False,4.775000095367432,False,0.95,True
kitti,000011,rotation,yaw,1.0,deg,42,0.18473389874449095,0.7106879606879607,0.5360688285903376,2.865000009536743,1628,108004,0.4200183414122887,False,4.775000095367432,False,0.95,True
kitti,000011,rotation,yaw,2.0,deg,42,0.1848357468241917,0.4735872235872236,0.5133960897900073,2.865000009536743,1628,108004,0.4200183414122887,False,4.775000095367432,False,0.95,True
kitti,000011,rotation,yaw,3.0,deg,42,0.1846968630791452,0.2622850122850123,0.5469125902165196,2.865000009536743,1628,108004,0.4200183414122887,False,4.775000095367432,False,0.95,True
kitti,000011,translation,x,-10.0,cm,42,0.18202103625791638,0.9385749385749386,0.5625396825396826,2.738600015640259,1628,108004,0.4200183414122887,False,4.775000095367432,False,0.95,True
kitti,000011,translation,x,-5.0,cm,42,0.1834191326247176,0.972972972972973,0.5625388923459863,2.738600015640259,1628,108004,0.4200183414122887,False,4.775000095367432,False,0.95,False
kitti,000011,translation,x,-2.0,cm,42,0.18415058701529574,0.9871007371007371,0.560840024706609,2.738600015640259,1628,108004,0.4200183414122887,False,4.775000095367432,False,0.95,False
kitti,000011,translation,x,0.0,cm,42,0.18467834524647236,1.0,0.5583538083538083,2.531450033187866,1628,108004,0.4200183414122887,False,4.775000095367432,False,0.95,False
kitti,000011,translation,x,2.0,cm,42,0.18519684456131255,0.9901719901719902,0.5595823095823096,2.3243000507354736,1628,108004,0.4200183414122887,False,4.775000095367432,False,0.95,False
kitti,000011,translation,x,5.0,cm,42,0.1865671641791045,0.9772727272727273,0.5644963144963145,2.738600015640259,1628,108004,0.4200183414122887,False,4.775000095367432,False,0.95,False
kitti,000011,translation,x,10.0,cm,42,0.18824302803599866,0.9600737100737101,0.5644963144963145,2.738600015640259,1628,108004,0.4200183414122887,False,4.775000095367432,False,0.95,False
kitti,000011,translation,y,-10.0,cm,42,0.18498388948557462,0.921990171990172,0.5558968058968059,2.738600015640259,1628,108004,0.4200183414122887,False,4.775000095367432,False,0.95,True
kitti,000011,translation,y,-5.0,cm,42,0.1847801933261731,0.9668304668304668,0.5522113022113022,2.738600015640259,1628,108004,0.4200183414122887,False,4.775000095367432,False,0.95,False
kitti,000011,translation,y,-2.0,cm,42,0.18470612199548164,0.9858722358722358,0.562039312039312,2.3243000507354736,1628,108004,0.4200183414122887,False,4.775000095367432,False,0.95,False
kitti,000011,translation,y,0.0,cm,42,0.18467834524647236,1.0,0.5583538083538083,2.531450033187866,1628,108004,0.4200183414122887,False,4.775000095367432,False,0.95,False
kitti,000011,translation,y,2.0,cm,42,0.18471538091181808,0.9815724815724816,0.559678416821274,2.3243000507354736,1628,108004,0.4200183414122887,False,4.775000095367432,False,0.95,False
kitti,000011,translation,y,5.0,cm,42,0.18461353283211732,0.9533169533169533,0.5633978763272954,2.3243000507354736,1628,108004,0.4200183414122887,False,4.775000095367432,False,0.95,False
kitti,000011,translation,y,10.0,cm,42,0.1844931669197437,0.9121621621621622,0.5787801778907242,2.3243000507354736,1628,108004,0.4200183414122887,False,4.775000095367432,False,0.95,True
kitti,000011,translation,z,-10.0,cm,42,0.17798414873523202,0.9250614250614251,0.5328330206378987,2.865000009536743,1628,108004,0.4200183414122887,False,4.775000095367432,False,0.95,True
kitti,000011,translation,z,-5.0,cm,42,0.18114143920595532,0.9533169533169533,0.5362678239305642,2.865000009536743,1628,108004,0.4200183414122887,False,4.775000095367432,False,0.95,False
kitti,000011,translation,z,-2.0,cm,42,0.1835302396207548,0.9711302211302212,0.5486453201970444,2.738600015640259,1628,108004,0.4200183414122887,False,4.775000095367432,False,0.95,False
kitti,000011,translation,z,0.0,cm,42,0.18467834524647236,1.0,0.5583538083538083,2.531450033187866,1628,108004,0.4200183414122887,False,4.775000095367432,False,0.95,False
kitti,000011,translation,z,2.0,cm,42,0.18653938743009518,0.9938574938574939,0.5608108108108109,2.3243000507354736,1628,108004,0.4200183414122887,False,4.775000095367432,False,0.95,False
kitti,000011,translation,z,5.0,cm,42,0.18884485759786673,0.9914004914004914,0.5651105651105651,2.3243000507354736,1628,108004,0.4200183414122887,False,4.775000095367432,False,0.95,False
kitti,000011,translation,z,10.0,cm,42,0.19265953112847672,0.964987714987715,0.5644963144963145,2.3243000507354736,1628,108004,0.4200183414122887,False,4.775000095367432,False,0.95,False
kitti,000012,rotation,roll,-3.0,deg,42,0.15606589615605757,0.9818181818181818,1.0,0.9549999833106995,55,120007,0.4200183414122887,False,4.775000095367432,False,0.95,False
kitti,000012,rotation,roll,-2.0,deg,42,0.15604923046155642,1.0,1.0,0.9549999833106995,55,120007,0.4200183414122887,False,4.775000095367432,False,0.95,False
kitti,000012,rotation,roll,-1.0,deg,42,0.15566591948802985,1.0,1.0,0.9549999833106995,55,120007,0.4200183414122887,False,4.775000095367432,False,0.95,False
kitti,000012,rotation,roll,-0.5,deg,42,0.15581591073854026,1.0,1.0,0.9549999833106995,55,120007,0.4200183414122887,False,4.775000095367432,False,0.95,False
kitti,000012,rotation,roll,0.0,deg,42,0.1558659078220437,1.0,1.0,0.9549999833106995,55,120007,0.4200183414122887,False,4.775000095367432,False,0.95,False
kitti,000012,rotation,roll,0.5,deg,42,0.15582424358579083,1.0,1.0,0.9549999833106995,55,120007,0.4200183414122887,False,4.775000095367432,False,0.95,False
kitti,000012,rotation,roll,1.0,deg,42,0.1558659078220437,1.0,1.0,0.9549999833106995,55,120007,0.4200183414122887,False,4.775000095367432,False,0.95,False
kitti,000012,rotation,roll,2.0,deg,42,0.15562425525177698,0.8,1.0,0.9549999833106995,55,120007,0.4200183414122887,False,4.775000095367432,False,0.95,True
kitti,000012,rotation,roll,3.0,deg,42,0.15580757789128968,0.8,0.8545454545454545,0.9549999833106995,55,120007,0.4200183414122887,False,4.775000095367432,False,0.95,True
kitti,000012,rotation,pitch,-3.0,deg,42,0.17876457206662943,0.0,0.7636363636363637,0.9549999833106995,55,120007,0.4200183414122887,False,4.775000095367432,False,0.95,True
kitti,000012,rotation,pitch,-2.0,deg,42,0.17124001099935837,0.0,0.5272727272727272,2.865000009536743,55,120007,0.4200183414122887,False,4.775000095367432,False,0.95,True
kitti,000012,rotation,pitch,-1.0,deg,42,0.1636737856958344,0.509090909090909,0.7636363636363637,1.909999966621399,55,120007,0.4200183414122887,False,4.775000095367432,False,0.95,True
kitti,000012,rotation,pitch,-0.5,deg,42,0.16006566283633455,0.7818181818181819,0.9454545454545454,0.9549999833106995,55,120007,0.4200183414122887,False,4.775000095367432,False,0.95,True
kitti,000012,rotation,pitch,0.0,deg,42,0.1558659078220437,1.0,1.0,0.9549999833106995,55,120007,0.4200183414122887,False,4.775000095367432,False,0.95,False
kitti,000012,rotation,pitch,0.5,deg,42,0.1519494696142725,0.8727272727272727,1.0,0.9549999833106995,55,120007,0.4200183414122887,False,4.775000095367432,False,0.95,True
kitti,000012,rotation,pitch,1.0,deg,42,0.14824135258776572,0.34545454545454546,0.9454545454545454,0.9549999833106995,55,120007,0.4200183414122887,False,4.775000095367432,False,0.95,True
kitti,000012,rotation,pitch,2.0,deg,42,0.1405168031864808,0.2,1.0,0.9549999833106995,55,120007,0.4200183414122887,False,4.775000095367432,False,0.95,True
kitti,000012,rotation,pitch,3.0,deg,42,0.13250060413142567,0.0,0.8363636363636363,1.909999966621399,55,120007,0.4200183414122887,False,4.775000095367432,False,0.95,True
kitti,000012,rotation,yaw,-3.0,deg,42,0.15552426108477005,0.0,0.8727272727272727,0.9549999833106995,55,120007,0.4200183414122887,False,4.775000095367432,False,0.95,True
kitti,000012,rotation,yaw,-2.0,deg,42,0.1555409267792712,0.09090909090909091,0.8,0.9549999833106995,55,120007,0.4200183414122887,False,4.775000095367432,False,0.95,True
kitti,000012,rotation,yaw,-1.0,deg,42,0.1555409267792712,0.5454545454545454,0.9090909090909091,0.9549999833106995,55,120007,0.4200183414122887,False,4.775000095367432,False,0.95,True
kitti,000012,rotation,yaw,-0.5,deg,42,0.15563258809902755,0.8727272727272727,0.9636363636363636,0.9549999833106995,55,120007,0.4200183414122887,False,4.775000095367432,False,0.95,True
kitti,000012,rotation,yaw,0.0,deg,42,0.1558659078220437,1.0,1.0,0.9549999833106995,55,120007,0.4200183414122887,False,4.775000095367432,False,0.95,False
kitti,000012,rotation,yaw,0.5,deg,42,0.1557242494187839,0.9272727272727272,0.9818181818181818,0.9549999833106995,55,120007,0.4200183414122887,False,4.775000095367432,False,0.95,True
kitti,000012,rotation,yaw,1.0,deg,42,0.15580757789128968,0.6363636363636364,0.8545454545454545,0.9549999833106995,55,120007,0.4200183414122887,False,4.775000095367432,False,0.95,True
kitti,000012,rotation,yaw,2.0,deg,42,0.15581591073854026,0.09090909090909091,0.8,0.9549999833106995,55,120007,0.4200183414122887,False,4.775000095367432,False,0.95,True
kitti,000012,rotation,yaw,3.0,deg,42,0.15593257060004834,0.0,0.8545454545454545,0.9549999833106995,55,120007,0.4200183414122887,False,4.775000095367432,False,0.95,True
kitti,000012,translation,x,-10.0,cm,42,0.15374936462039715,1.0,1.0,0.9549999833106995,55,120007,0.4200183414122887,False,4.775000095367432,False,0.95,False
kitti,000012,translation,x,-5.0,cm,42,0.15486596615197445,1.0,1.0,0.9549999833106995,55,120007,0.4200183414122887,False,4.775000095367432,False,0.95,False
kitti,000012,translation,x,-2.0,cm,42,0.15549926254301832,1.0,1.0,0.9549999833106995,55,120007,0.4200183414122887,False,4.775000095367432,False,0.95,False
kitti,000012,translation,x,0.0,cm,42,0.1558659078220437,1.0,1.0,0.9549999833106995,55,120007,0.4200183414122887,False,4.775000095367432,False,0.95,False
kitti,000012,translation,x,2.0,cm,42,0.15624921879557027,1.0,1.0,0.9549999833106995,55,120007,0.4200183414122887,False,4.775000095367432,False,0.95,False
kitti,000012,translation,x,5.0,cm,42,0.1568075195613589,1.0,1.0,0.9549999833106995,55,120007,0.4200183414122887,False,4.775000095367432,False,0.95,False
kitti,000012,translation,x,10.0,cm,42,0.15846575616422376,1.0,1.0,0.9549999833106995,55,120007,0.4200183414122887,False,4.775000095367432,False,0.95,False
kitti,000012,translation,y,-10.0,cm,42,0.15589090636379543,1.0,1.0,0.9549999833106995,55,120007,0.4200183414122887,False,4.775000095367432,False,0.95,False
kitti,000012,translation,y,-5.0,cm,42,0.1559075720582966,1.0,1.0,0.9549999833106995,55,120007,0.4200183414122887,False,4.775000095367432,False,0.95,False
kitti,000012,translation,y,-2.0,cm,42,0.1559159049055472,1.0,1.0,0.9549999833106995,55,120007,0.4200183414122887,False,4.775000095367432,False,0.95,False
kitti,000012,translation,y,0.0,cm,42,0.1558659078220437,1.0,1.0,0.9549999833106995,55,120007,0.4200183414122887,False,4.775000095367432,False,0.95,False
kitti,000012,translation,y,2.0,cm,42,0.15582424358579083,1.0,1.0,0.9549999833106995,55,120007,0.4200183414122887,False,4.775000095367432,False,0.95,False
kitti,000012,translation,y,5.0,cm,42,0.1558325764330414,1.0,1.0,0.9549999833106995,55,120007,0.4200183414122887,False,4.775000095367432,False,0.95,False
kitti,000012,translation,y,10.0,cm,42,0.15584924212754256,1.0,1.0,0.9549999833106995,55,120007,0.4200183414122887,False,4.775000095367432,False,0.95,False
kitti,000012,translation,z,-10.0,cm,42,0.1499912505103869,1.0,1.0,0.9549999833106995,55,120007,0.4200183414122887,False,4.775000095367432,False,0.95,False
kitti,000012,translation,z,-5.0,cm,42,0.15259943169981752,1.0,1.0,0.9549999833106995,55,120007,0.4200183414122887,False,4.775000095367432,False,0.95,False
kitti,000012,translation,z,-2.0,cm,42,0.154815969068471,1.0,1.0,0.9549999833106995,55,120007,0.4200183414122887,False,4.775000095367432,False,0.95,False
kitti,000012,translation,z,0.0,cm,42,0.1558659078220437,1.0,1.0,0.9549999833106995,55,120007,0.4200183414122887,False,4.775000095367432,False,0.95,False
kitti,000012,translation,z,2.0,cm,42,0.1571824976876349,1.0,1.0,0.9549999833106995,55,120007,0.4200183414122887,False,4.775000095367432,False,0.95,False
kitti,000012,translation,z,5.0,cm,42,0.15914904963877108,1.0,1.0,0.9549999833106995,55,120007,0.4200183414122887,False,4.775000095367432,False,0.95,False
kitti,000012,translation,z,10.0,cm,42,0.16274050680376978,1.0,1.0,0.9549999833106995,55,120007,0.4200183414122887,False,4.775000095367432,False,0.95,False
kitti,000019,rotation,roll,-3.0,deg,42,0.16287371323370528,0.8985981920607887,0.4234086242299795,4.648600101470947,7633,115697,0.4200183414122887,False,4.775000095367432,False,0.95,True
kitti,000019,rotation,roll,-2.0,deg,42,0.16283914016785223,0.9339709157605136,0.4255290470413802,4.648600101470947,7633,115697,0.4200183414122887,False,4.775000095367432,False,0.95,True
kitti,000019,rotation,roll,-1.0,deg,42,0.16243290664407892,0.9671164679680335,0.43463835434638354,4.234300136566162,7633,115697,0.4200183414122887,False,4.775000095367432,False,0.95,False
kitti,000019,rotation,roll,-0.5,deg,42,0.16246747970993197,0.9851958600812263,0.4307165437302424,4.648600101470947,7633,115697,0.4200183414122887,False,4.775000095367432,False,0.95,False
kitti,000019,rotation,roll,0.0,deg,42,0.16242426337761567,1.0,0.4200183414122887,4.775000095367432,7633,115697,0.4200183414122887,False,4.775000095367432,False,0.95,False
kitti,000019,rotation,roll,0.5,deg,42,0.16249340950932176,0.9960696973666973,0.4176933158584535,4.775000095367432,7633,115697,0.4200183414122887,True,4.775000095367432,False,0.95,False
kitti,000019,rotation,roll,1.0,deg,42,0.1622773278477402,0.9912223241189572,0.41571559753377935,4.775000095367432,7633,115697,0.4200183414122887,True,4.775000095367432,False,0.95,False
kitti,000019,rotation,roll,2.0,deg,42,0.16204395965323215,0.9819206078868072,0.4142050676119207,4.775000095367432,7633,115697,0.4200183414122887,True,4.775000095367432,False,0.95,False
kitti,000019,rotation,roll,3.0,deg,42,0.16233783071298305,0.9720948513035503,0.41695137976346913,4.775000095367432,7633,115697,0.4200183414122887,True,4.775000095367432,False,0.95,False
kitti,000019,rotation,pitch,-3.0,deg,42,0.18525977337355334,0.891916677584174,0.515083945435467,2.865000009536743,7633,115697,0.4200183414122887,False,4.775000095367432,False,0.95,True
kitti,000019,rotation,pitch,-2.0,deg,42,0.1777142017511258,0.9191667758417398,0.48112218143681174,3.6935999393463135,7633,115697,0.4200183414122887,False,4.775000095367432,False,0.95,True
kitti,000019,rotation,pitch,-1.0,deg,42,0.17023777626040434,0.9529673784881436,0.4563679245283019,3.819999933242798,7633,115697,0.4200183414122887,False,4.775000095367432,False,0.95,False
kitti,000019,rotation,pitch,-0.5,deg,42,0.16663353414522417,0.9760251539368532,0.4435272536687631,4.234300136566162,7633,115697,0.4200183414122887,False,4.775000095367432,False,0.95,False
kitti,000019,rotation,pitch,0.0,deg,42,0.16242426337761567,1.0,0.4200183414122887,4.775000095367432,7633,115697,0.4200183414122887,False,4.775000095367432,False,0.95,False
kitti,000019,rotation,pitch,0.5,deg,42,0.15867308573256006,0.9719638412157736,0.41580345285524567,4.775000095367432,7633,115697,0.4200183414122887,True,4.775000095367432,False,0.95,False
kitti,000019,rotation,pitch,1.0,deg,42,0.15503427055152683,0.9375081881304861,0.38930885529157666,5.189300060272217,7633,115697,0.4200183414122887,True,4.775000095367432,True,0.95,True
kitti,000019,rotation,pitch,2.0,deg,42,0.14720347113581164,0.869644962662125,0.3529246738673026,6.017899990081787,7633,115697,0.4200183414122887,True,4.775000095367432,True,0.95,True
kitti,000019,rotation,pitch,3.0,deg,42,0.13926030925607405,0.8155377964103236,0.33726346433770016,6.684999942779541,7633,115697,0.4200183414122887,True,4.775000095367432,True,0.95,True
kitti,000019,rotation,yaw,-3.0,deg,42,0.1608771186806918,0.8205161797458405,0.4143849076378881,4.775000095367432,7633,115697,0.4200183414122887,True,4.775000095367432,False,0.95,True
kitti,000019,rotation,yaw,-2.0,deg,42,0.16162043959653233,0.8780296082798376,0.4156950085156557,4.775000095367432,7633,115697,0.4200183414122887,True,4.775000095367432,False,0.95,True
kitti,000019,rotation,yaw,-1.0,deg,42,0.16197481352152607,0.9409144504126817,0.4226385431678239,4.775000095367432,7633,115697,0.4200183414122887,False,4.775000095367432,False,0.95,True
kitti,000019,rotation,yaw,-0.5,deg,42,0.1621908951831076,0.970129699986899,0.4214594523778331,4.775000095367432,7633,115697,0.4200183414122887,False,4.775000095367432,False,0.95,False
kitti,000019,rotation,yaw,0.0,deg,42,0.16242426337761567,1.0,0.4200183414122887,4.775000095367432,7633,115697,0.4200183414122887,False,4.775000095367432,False,0.95,False
kitti,000019,rotation,yaw,0.5,deg,42,0.1627354209702931,0.9715708109524434,0.42319416832339296,4.775000095367432,7633,115697,0.4200183414122887,False,4.775000095367432,False,0.95,False
kitti,000019,rotation,yaw,1.0,deg,42,0.1630033622306542,0.9469409144504127,0.42745940142262784,4.648600101470947,7633,115697,0.4200183414122887,False,4.775000095367432,False,0.95,True
kitti,000019,rotation,yaw,2.0,deg,42,0.16346145535320708,0.8929647582863881,0.42807793284510154,4.775000095367432,7633,115697,0.4200183414122887,False,4.775000095367432,False,0.95,True
kitti,000019,rotation,yaw,3.0,deg,42,0.16366889374832536,0.8423948644045591,0.4195893926432849,4.775000095367432,7633,115697,0.4200183414122887,True,4.775000095367432,False,0.95,True
kitti,000019,translation,x,-10.0,cm,42,0.1589323837264579,0.9681645486702476,0.4184454289166331,4.775000095367432,7633,115697,0.4200183414122887,True,4.775000095367432,False,0.95,False
kitti,000019,translation,x,-5.0,cm,42,0.16066968028557352,0.9833617188523517,0.4233063767731672,4.775000095367432,7633,115697,0.4200183414122887,False,4.775000095367432,False,0.95,False
kitti,000019,translation,x,-2.0,cm,42,0.16183652125811387,0.9927944451722782,0.4205337189430787,4.775000095367432,7633,115697,0.4200183414122887,False,4.775000095367432,False,0.95,False
kitti,000019,translation,x,0.0,cm,42,0.16242426337761567,1.0,0.4200183414122887,4.775000095367432,7633,115697,0.4200183414122887,False,4.775000095367432,False,0.95,False
kitti,000019,translation,x,2.0,cm,42,0.16315029776052967,0.9989519192977859,0.42381763395781474,4.775000095367432,7633,115697,0.4200183414122887,False,4.775000095367432,False,0.95,False
kitti,000019,translation,x,5.0,cm,42,0.16450729059526176,0.9975108083322416,0.42630682562557315,4.775000095367432,7633,115697,0.4200183414122887,False,4.775000095367432,False,0.95,False
kitti,000019,translation,x,10.0,cm,42,0.16659031781290787,0.9955456570155902,0.43010611817109917,4.648600101470947,7633,115697,0.4200183414122887,False,4.775000095367432,False,0.95,False
kitti,000019,translation,y,-10.0,cm,42,0.16281321036846244,0.978252325429058,0.4243416743089218,4.775000095367432,7633,115697,0.4200183414122887,False,4.775000095367432,False,0.95,False
kitti,000019,translation,y,-5.0,cm,42,0.1626922046379768,0.9889951526267523,0.4217214725533866,4.775000095367432,7633,115697,0.4200183414122887,False,4.775000095367432,False,0.95,False
kitti,000019,translation,y,-2.0,cm,42,0.1625711989074911,0.9951526267522599,0.4230315734311542,4.775000095367432,7633,115697,0.4200183414122887,False,4.775000095367432,False,0.95,False
kitti,000019,translation,y,0.0,cm,42,0.16242426337761567,1.0,0.4200183414122887,4.775000095367432,7633,115697,0.4200183414122887,False,4.775000095367432,False,0.95,False
kitti,000019,translation,y,2.0,cm,42,0.16236376051237283,0.9943665662255994,0.4241746678942523,4.648600101470947,7633,115697,0.4200183414122887,False,4.775000095367432,False,0.95,False
kitti,000019,translation,y,5.0,cm,42,0.16219953844957086,0.9854578802567797,0.42382528127068164,4.648600101470947,7633,115697,0.4200183414122887,False,4.775000095367432,False,0.95,False
kitti,000019,translation,y,10.0,cm,42,0.16203531638676888,0.9709157605135595,0.4266042780748663,4.648600101470947,7633,115697,0.4200183414122887,False,4.775000095367432,False,0.95,False
kitti,000019,translation,z,-10.0,cm,42,0.15557879633871233,0.9499541464692781,0.39665715450468814,5.062900066375732,7633,115697,0.4200183414122887,True,4.775000095367432,True,0.95,True
kitti,000019,translation,z,-5.0,cm,42,0.15876816166365593,0.9752390934101925,0.41567948888593104,4.775000095367432,7633,115697,0.4200183414122887,True,4.775000095367432,False,0.95,False
kitti,000019,translation,z,-2.0,cm,42,0.1612660656715386,0.9900432333289664,0.4199157007376185,4.775000095367432,7633,115697,0.4200183414122887,True,4.775000095367432,False,0.95,False
kitti,000019,translation,z,0.0,cm,42,0.16242426337761567,1.0,0.4200183414122887,4.775000095367432,7633,115697,0.4200183414122887,False,4.775000095367432,False,0.95,False
kitti,000019,translation,z,2.0,cm,42,0.16415291667026802,0.998427878946679,0.42669985588890347,4.648600101470947,7633,115697,0.4200183414122887,False,4.775000095367432,False,0.95,False
kitti,000019,translation,z,5.0,cm,42,0.16607172182511215,0.9931874754356086,0.43456046115550895,4.234300136566162,7633,115697,0.4200183414122887,False,4.775000095367432,False,0.95,False
kitti,000019,translation,z,10.0,cm,42,0.17011677052991866,0.982575658325691,0.45015066160094325,3.819999933242798,7633,115697,0.4200183414122887,False,4.775000095367432,False,0.95,False
kitti,000049,rotation,roll,-3.0,deg,42,0.159256229604806,0.8430366760707874,0.5528340600153886,2.3243000507354736,7798,113691,0.4200183414122887,False,4.775000095367432,False,0.95,True
kitti,000049,rotation,roll,-2.0,deg,42,0.15929141268877922,0.8948448320082072,0.5784816619646063,2.3243000507354736,7798,113691,0.4200183414122887,False,4.775000095367432,False,0.95,True
kitti,000049,rotation,roll,-1.0,deg,42,0.15900115224600012,0.9478071300333419,0.5960502692998204,1.909999966621399,7798,113691,0.4200183414122887,False,4.775000095367432,False,0.95,True
kitti,000049,rotation,roll,-0.5,deg,42,0.15893078607805367,0.9707617337778918,0.6079764042062067,1.909999966621399,7798,113691,0.4200183414122887,False,4.775000095367432,False,0.95,False
kitti,000049,rotation,roll,0.0,deg,42,0.15914188458189302,1.0,0.6063093100795076,1.909999966621399,7798,113691,0.4200183414122887,False,4.775000095367432,False,0.95,False
kitti,000049,rotation,roll,0.5,deg,42,0.1589571733910336,0.9687099256219543,0.612691466083151,1.909999966621399,7798,113691,0.4200183414122887,False,4.775000095367432,False,0.95,False
kitti,000049,rotation,roll,1.0,deg,42,0.15893958184904697,0.9411387535265453,0.616306027820711,1.909999966621399,7798,113691,0.4200183414122887,False,4.775000095367432,False,0.95,True
kitti,000049,rotation,roll,2.0,deg,42,0.15875487065818755,0.9058733008463709,0.6213554490086821,1.909999966621399,7798,113691,0.4200183414122887,False,4.775000095367432,False,0.95,True
kitti,000049,rotation,roll,3.0,deg,42,0.1592298422918261,0.8703513721467043,0.621628664495114,1.909999966621399,7798,113691,0.4200183414122887,False,4.775000095367432,False,0.95,True
kitti,000049,rotation,pitch,-3.0,deg,42,0.1818437695156169,0.6165683508591947,0.6837245094267026,1.3693000078201294,7798,113691,0.4200183414122887,False,4.775000095367432,False,0.95,True
kitti,000049,rotation,pitch,-2.0,deg,42,0.17424422337740014,0.7583995896383688,0.650294947422416,1.909999966621399,7798,113691,0.4200183414122887,False,4.775000095367432,False,0.95,True
kitti,000049,rotation,pitch,-1.0,deg,42,0.16662708569719678,0.8712490382149269,0.6388817645550141,1.909999966621399,7798,113691,0.4200183414122887,False,4.775000095367432,False,0.95,True
kitti,000049,rotation,pitch,-0.5,deg,42,0.16323191809378051,0.9252372403180302,0.6263144395998974,1.909999966621399,7798,113691,0.4200183414122887,False,4.775000095367432,False,0.95,True
kitti,000049,rotation,pitch,0.0,deg,42,0.15914188458189302,1.0,0.6063093100795076,1.909999966621399,7798,113691,0.4200183414122887,False,4.775000095367432,False,0.95,False
kitti,000049,rotation,pitch,0.5,deg,42,0.15531572419980474,0.9285714285714286,0.5861669242658424,1.909999966621399,7798,113691,0.4200183414122887,False,4.775000095367432,False,0.95,True
kitti,000049,rotation,pitch,1.0,deg,42,0.15163909192460265,0.8625288535521929,0.5398367664205208,2.738600015640259,7798,113691,0.4200183414122887,False,4.775000095367432,False,0.95,True
kitti,000049,rotation,pitch,2.0,deg,42,0.14386363036651978,0.7367273659912799,0.47393923520167625,3.6935999393463135,7798,113691,0.4200183414122887,False,4.775000095367432,False,0.95,True
kitti,000049,rotation,pitch,3.0,deg,42,0.13615853497638336,0.6201590151320852,0.39050515736577623,5.603600025177002,7798,113691,0.4200183414122887,True,4.775000095367432,True,0.95,True
kitti,000049,rotation,yaw,-3.0,deg,42,0.1564767659709212,0.8073865093613747,0.5906749098402885,1.909999966621399,7798,113691,0.4200183414122887,False,4.775000095367432,False,0.95,True
kitti,000049,rotation,yaw,-2.0,deg,42,0.15735634307025181,0.8668889458835599,0.601364396962286,1.909999966621399,7798,113691,0.4200183414122887,False,4.775000095367432,False,0.95,True
kitti,000049,rotation,yaw,-1.0,deg,42,0.15820073708560925,0.9288279045909208,0.605702543025944,1.909999966621399,7798,113691,0.4200183414122887,False,4.775000095367432,False,0.95,True
kitti,000049,rotation,yaw,-0.5,deg,42,0.15861413832229465,0.9620415491151577,0.6037445498845858,1.909999966621399,7798,113691,0.4200183414122887,False,4.775000095367432,False,0.95,False
kitti,000049,rotation,yaw,0.0,deg,42,0.15914188458189302,1.0,0.6063093100795076,1.909999966621399,7798,113691,0.4200183414122887,False,4.775000095367432,False,0.95,False
kitti,000049,rotation,yaw,0.5,deg,42,0.1595025111926186,0.9705052577583996,0.6103829349781548,1.909999966621399,7798,113691,0.4200183414122887,False,4.775000095367432,False,0.95,False
kitti,000049,rotation,yaw,1.0,deg,42,0.15985434203235085,0.9412669915362913,0.6081690503801056,1.909999966621399,7798,113691,0.4200183414122887,False,4.775000095367432,False,0.95,True
kitti,000049,rotation,yaw,2.0,deg,42,0.1603381094369827,0.893049499871762,0.5991950142820047,1.909999966621399,7798,113691,0.4200183414122887,False,4.775000095367432,False,0.95,True
kitti,000049,rotation,yaw,3.0,deg,42,0.1603557009789693,0.8382918697101821,0.5871222076215505,1.909999966621399,7798,113691,0.4200183414122887,False,4.775000095367432,False,0.95,True
kitti,000049,translation,x,-10.0,cm,42,0.1565207448258877,0.9770453962554501,0.6022947015598814,1.909999966621399,7798,113691,0.4200183414122887,False,4.775000095367432,False,0.95,False
kitti,000049,translation,x,-5.0,cm,42,0.15782251893289706,0.9873044370351373,0.6043701799485861,1.909999966621399,7798,113691,0.4200183414122887,False,4.775000095367432,False,0.95,False
kitti,000049,translation,x,-2.0,cm,42,0.1586757087192478,0.9948704796101564,0.6075689544579859,1.909999966621399,7798,113691,0.4200183414122887,False,4.775000095367432,False,0.95,False
kitti,000049,translation,x,0.0,cm,42,0.15914188458189302,1.0,0.6063093100795076,1.909999966621399,7798,113691,0.4200183414122887,False,4.775000095367432,False,0.95,False
kitti,000049,translation,x,2.0,cm,42,0.15955528581857842,0.998461143883047,0.6081046422159528,1.909999966621399,7798,113691,0.4200183414122887,False,4.775000095367432,False,0.95,False
kitti,000049,translation,x,5.0,cm,42,0.1606107783377752,0.9965375737368556,0.6114388304693511,1.909999966621399,7798,113691,0.4200183414122887,False,4.775000095367432,False,0.95,False
kitti,000049,translation,x,10.0,cm,42,0.16206208055167076,0.9943575275711721,0.6129776865863041,1.909999966621399,7798,113691,0.4200183414122887,False,4.775000095367432,False,0.95,False
kitti,000049,translation,y,-10.0,cm,42,0.15894837762004027,0.9771736342651962,0.605539882021031,1.909999966621399,7798,113691,0.4200183414122887,False,4.775000095367432,False,0.95,False
kitti,000049,translation,y,-5.0,cm,42,0.15900115224600012,0.9896127212105668,0.6087458322646833,1.909999966621399,7798,113691,0.4200183414122887,False,4.775000095367432,False,0.95,False
kitti,000049,translation,y,-2.0,cm,42,0.15908031418493987,0.9955116696588869,0.6063093100795076,1.909999966621399,7798,113691,0.4200183414122887,False,4.775000095367432,False,0.95,False
kitti,000049,translation,y,0.0,cm,42,0.15914188458189302,1.0,0.6063093100795076,1.909999966621399,7798,113691,0.4200183414122887,False,4.775000095367432,False,0.95,False
kitti,000049,translation,y,2.0,cm,42,0.15915068035288632,0.9958963836881252,0.6076469078778548,1.909999966621399,7798,113691,0.4200183414122887,False,4.775000095367432,False,0.95,False
kitti,000049,translation,y,5.0,cm,42,0.1592298422918261,0.9894844832008207,0.6094211269413425,1.909999966621399,7798,113691,0.4200183414122887,False,4.775000095367432,False,0.95,False
kitti,000049,translation,y,10.0,cm,42,0.15932659577275246,0.9810207745575789,0.6083215615769872,1.909999966621399,7798,113691,0.4200183414122887,False,4.775000095367432,False,0.95,False
kitti,000049,translation,z,-10.0,cm,42,0.1526418098178396,0.9339574249807643,0.577774899624401,2.3243000507354736,7798,113691,0.4200183414122887,False,4.775000095367432,False,0.95,True
kitti,000049,translation,z,-5.0,cm,42,0.15560598464258385,0.9670428314952552,0.5987892838742916,1.909999966621399,7798,113691,0.4200183414122887,False,4.775000095367432,False,0.95,False
kitti,000049,translation,z,-2.0,cm,42,0.1578928851008435,0.9834572967427545,0.6058384773662552,1.909999966621399,7798,113691,0.4200183414122887,False,4.775000095367432,False,0.95,False
kitti,000049,translation,z,0.0,cm,42,0.15914188458189302,1.0,0.6063093100795076,1.909999966621399,7798,113691,0.4200183414122887,False,4.775000095367432,False,0.95,False
kitti,000049,translation,z,2.0,cm,42,0.1606283698797618,0.9906386252885355,0.6124647345473199,1.909999966621399,7798,113691,0.4200183414122887,False,4.775000095367432,False,0.95,False
kitti,000049,translation,z,5.0,cm,42,0.16250186910133607,0.9803795845088484,0.6229802513464991,1.909999966621399,7798,113691,0.4200183414122887,False,4.775000095367432,False,0.95,False
kitti,000049,translation,z,10.0,cm,42,0.16644237450633736,0.9594767889202359,0.6261862015901514,1.909999966621399,7798,113691,0.4200183414122887,False,4.775000095367432,False,0.95,False
kitti,000061,rotation,roll,-3.0,deg,42,0.1580716504187725,0.848219497956801,0.45735981308411217,3.819999933242798,1713,125247,0.4200183414122887,False,4.775000095367432,False,0.95,True
kitti,000061,rotation,roll,-2.0,deg,42,0.1581914137663976,0.9223584354932867,0.485697606538237,3.6935999393463135,1713,125247,0.4200183414122887,False,4.775000095367432,False,0.95,True
kitti,000061,rotation,roll,-1.0,deg,42,0.15783212372352232,0.9614711033274956,0.5148861646234676,2.865000009536743,1713,125247,0.4200183414122887,False,4.775000095367432,False,0.95,False
kitti,000061,rotation,roll,-0.5,deg,42,0.1579439028479724,0.9784004670169294,0.5178050204319906,2.865000009536743,1713,125247,0.4200183414122887,False,4.775000095367432,False,0.95,False
kitti,000061,rotation,roll,0.0,deg,42,0.15801576085654745,1.0,0.5271453590192644,2.865000009536743,1713,125247,0.4200183414122887,False,4.775000095367432,False,0.95,False
kitti,000061,rotation,roll,0.5,deg,42,0.15804769774924748,0.9509632224168126,0.5455607476635514,2.865000009536743,1713,125247,0.4200183414122887,False,4.775000095367432,False,0.95,False
kitti,000061,rotation,roll,1.0,deg,42,0.15800777663337245,0.9025102159953299,0.535483870967742,2.865000009536743,1713,125247,0.4200183414122887,False,4.775000095367432,False,0.95,True
kitti,000061,rotation,roll,2.0,deg,42,0.15788002906257237,0.8126094570928196,0.5167548500881834,2.865000009536743,1713,125247,0.4200183414122887,False,4.775000095367432,False,0.95,True
kitti,000061,rotation,roll,3.0,deg,42,0.15807963464194752,0.7116170461179218,0.4991160872127283,3.2792999744415283,1713,125247,0.4200183414122887,False,4.775000095367432,False,0.95,True
kitti,000061,rotation,pitch,-3.0,deg,42,0.1798845481328894,0.7524810274372447,0.5090484530064214,2.865000009536743,1713,125247,0.4200183414122887,False,4.775000095367432,False,0.95,True
kitti,000061,rotation,pitch,-2.0,deg,42,0.17267479460585883,0.8867483946293053,0.5364856976065382,2.738600015640259,1713,125247,0.4200183414122887,False,4.775000095367432,False,0.95,True
kitti,000061,rotation,pitch,-1.0,deg,42,0.16548899374835324,0.9678925861062464,0.5376532399299475,2.865000009536743,1713,125247,0.4200183414122887,False,4.775000095367432,False,0.95,False
kitti,000061,rotation,pitch,-0.5,deg,42,0.16208771467580063,0.9836544074722708,0.5411558669001751,2.865000009536743,1713,125247,0.4200183414122887,False,4.775000095367432,False,0.95,False
kitti,000061,rotation,pitch,0.0,deg,42,0.15801576085654745,1.0,0.5271453590192644,2.865000009536743,1713,125247,0.4200183414122887,False,4.775000095367432,False,0.95,False
kitti,000061,rotation,pitch,0.5,deg,42,0.1543270497496946,0.9182720373613543,0.5227803738317757,2.865000009536743,1713,125247,0.4200183414122887,False,4.775000095367432,False,0.95,True
kitti,000061,rotation,pitch,1.0,deg,42,0.1507181808745918,0.8394629305312318,0.4894490035169988,3.2792999744415283,1713,125247,0.4200183414122887,False,4.775000095367432,False,0.95,True
kitti,000061,rotation,pitch,2.0,deg,42,0.14329285332183606,0.6987740805604203,0.42637492607924304,3.819999933242798,1713,125247,0.4200183414122887,False,4.775000095367432,False,0.95,True
kitti,000061,rotation,pitch,3.0,deg,42,0.13569985708240517,0.5785172212492703,0.37485101311084623,5.062900066375732,1713,125247,0.4200183414122887,True,4.775000095367432,True,0.95,True
kitti,000061,rotation,yaw,-3.0,deg,42,0.15694587495109663,0.553415061295972,0.514004542013626,2.865000009536743,1713,125247,0.4200183414122887,False,4.775000095367432,False,0.95,True
kitti,000061,rotation,yaw,-2.0,deg,42,0.15720935431587182,0.6806771745475774,0.5162404975812025,2.865000009536743,1713,125247,0.4200183414122887,False,4.775000095367432,False,0.95,True
kitti,000061,rotation,yaw,-1.0,deg,42,0.1575526759123971,0.8394629305312318,0.5079264426125555,2.865000009536743,1713,125247,0.4200183414122887,False,4.775000095367432,False,0.95,True
kitti,000061,rotation,yaw,-0.5,deg,42,0.1578081710539973,0.9171044950379451,0.517304189435337,2.865000009536743,1713,125247,0.4200183414122887,False,4.775000095367432,False,0.95,True
kitti,000061,rotation,yaw,0.0,deg,42,0.15801576085654745,1.0,0.5271453590192644,2.865000009536743,1713,125247,0.4200183414122887,False,4.775000095367432,False,0.95,False
kitti,000061,rotation,yaw,0.5,deg,42,0.1581914137663976,0.9223584354932867,0.5273601924233313,2.865000009536743,1713,125247,0.4200183414122887,False,4.775000095367432,False,0.95,True
kitti,000061,rotation,yaw,1.0,deg,42,0.15828722444449767,0.854057209573847,0.5405572755417957,2.865000009536743,1713,125247,0.4200183414122887,False,4.775000095367432,False,0.95,True
kitti,000061,rotation,yaw,2.0,deg,42,0.15861457759467293,0.7028604786923526,0.543778801843318,2.865000009536743,1713,125247,0.4200183414122887,False,4.775000095367432,False,0.95,True
kitti,000061,rotation,yaw,3.0,deg,42,0.15887805695944812,0.5627553998832457,0.5321799307958478,2.865000009536743,1713,125247,0.4200183414122887,False,4.775000095367432,False,0.95,True
kitti,000061,translation,x,-10.0,cm,42,0.15585203637612077,0.9626386456509048,0.5204081632653061,2.865000009536743,1713,125247,0.4200183414122887,False,4.775000095367432,False,0.95,False
kitti,000061,translation,x,-5.0,cm,42,0.15694587495109663,0.9813193228254524,0.5147579693034239,2.865000009536743,1713,125247,0.4200183414122887,False,4.775000095367432,False,0.95,False
kitti,000061,translation,x,-2.0,cm,42,0.15762453392097217,0.9947460595446584,0.5260386190754828,2.865000009536743,1713,125247,0.4200183414122887,False,4.775000095367432,False,0.95,False
kitti,000061,translation,x,0.0,cm,42,0.15801576085654745,1.0,0.5271453590192644,2.865000009536743,1713,125247,0.4200183414122887,False,4.775000095367432,False,0.95,False
kitti,000061,translation,x,2.0,cm,42,0.15841497201529778,0.9953298307063632,0.524810274372446,2.865000009536743,1713,125247,0.4200183414122887,False,4.775000095367432,False,0.95,False
kitti,000061,translation,x,5.0,cm,42,0.1593411419035985,0.9906596614127262,0.5283129013426737,2.865000009536743,1713,125247,0.4200183414122887,False,4.775000095367432,False,0.95,False
kitti,000061,translation,x,10.0,cm,42,0.16068249139699953,0.9801517805020432,0.5300642148277875,2.865000009536743,1713,125247,0.4200183414122887,False,4.775000095367432,False,0.95,False
kitti,000061,translation,y,-10.0,cm,42,0.15784010794669734,0.9649737302977233,0.5166270783847982,2.865000009536743,1713,125247,0.4200183414122887,False,4.775000095367432,False,0.95,False
kitti,000061,translation,y,-5.0,cm,42,0.1579518870711474,0.9801517805020432,0.52316715542522,2.865000009536743,1713,125247,0.4200183414122887,False,4.775000095367432,False,0.95,False
kitti,000061,translation,y,-2.0,cm,42,0.15799180818702244,0.9935785172212492,0.5268691588785047,2.865000009536743,1713,125247,0.4200183414122887,False,4.775000095367432,False,0.95,False
kitti,000061,translation,y,0.0,cm,42,0.15801576085654745,1.0,0.5271453590192644,2.865000009536743,1713,125247,0.4200183414122887,False,4.775000095367432,False,0.95,False
kitti,000061,translation,y,2.0,cm,42,0.15802374507972247,0.9935785172212492,0.5204918032786885,2.865000009536743,1713,125247,0.4200183414122887,False,4.775000095367432,False,0.95,False
kitti,000061,translation,y,5.0,cm,42,0.1580636661955975,0.9824868651488616,0.5297233666862861,2.865000009536743,1713,125247,0.4200183414122887,False,4.775000095367432,False,0.95,False
kitti,000061,translation,y,10.0,cm,42,0.15811157153464753,0.9661412726211325,0.5290628706998813,2.865000009536743,1713,125247,0.4200183414122887,False,4.775000095367432,False,0.95,False
kitti,000061,translation,z,-10.0,cm,42,0.15246672574991815,0.9404553415061296,0.5399883245767659,2.865000009536743,1713,125247,0.4200183414122887,False,4.775000095367432,False,0.95,True
kitti,000061,translation,z,-5.0,cm,42,0.15493385071099508,0.9673088149445418,0.5283129013426737,2.865000009536743,1713,125247,0.4200183414122887,False,4.775000095367432,False,0.95,False
kitti,000061,translation,z,-2.0,cm,42,0.1570257171828467,0.9929947460595446,0.5253940455341506,2.865000009536743,1713,125247,0.4200183414122887,False,4.775000095367432,False,0.95,False
kitti,000061,translation,z,0.0,cm,42,0.15801576085654745,1.0,0.5271453590192644,2.865000009536743,1713,125247,0.4200183414122887,False,4.775000095367432,False,0.95,False
kitti,000061,translation,z,2.0,cm,42,0.15942896835852355,0.9982486865148862,0.5137186223000584,2.865000009536743,1713,125247,0.4200183414122887,False,4.775000095367432,False,0.95,False
kitti,000061,translation,z,5.0,cm,42,0.1611535605643249,0.997081144191477,0.5183887915936952,2.865000009536743,1713,125247,0.4200183414122887,False,4.775000095367432,False,0.95,False
kitti,000061,translation,z,10.0,cm,42,0.1646426660918026,0.9941622883829538,0.5411558669001751,2.865000009536743,1713,125247,0.4200183414122887,False,4.775000095367432,False,0.95,False
nuscenes,scene-0103_010,rotation,roll,-3.0,deg,42,0.079176267281106,0.2777777777777778,0.23893805309734514,12.179750442504883,234,34720,0.3098827470686767,True,7.639999866485596,True,0.95,True
nuscenes,scene-0103_010,rotation,roll,-2.0,deg,42,0.08243087557603687,0.46153846153846156,0.31140350877192985,8.468600273132324,234,34720,0.3098827470686767,False,7.639999866485596,True,0.95,True
nuscenes,scene-0103_010,rotation,roll,-1.0,deg,42,0.08580069124423963,0.6538461538461539,0.24568965517241378,7.864699840545654,234,34720,0.3098827470686767,True,7.639999866485596,True,0.95,True
nuscenes,scene-0103_010,rotation,roll,-0.5,deg,42,0.08824884792626728,0.811965811965812,0.3879310344827586,5.730000019073486,234,34720,0.3098827470686767,False,7.639999866485596,False,0.95,True
nuscenes,scene-0103_010,rotation,roll,0.0,deg,42,0.08986175115207373,1.0,0.4358974358974359,3.819999933242798,234,34720,0.3098827470686767,False,7.639999866485596,False,0.95,False
nuscenes,scene-0103_010,rotation,roll,0.5,deg,42,0.09101382488479262,0.8034188034188035,0.4017094017094017,5.189300060272217,234,34720,0.3098827470686767,False,7.639999866485596,False,0.95,True
nuscenes,scene-0103_010,rotation,roll,1.0,deg,42,0.09377880184331797,0.7692307692307693,0.37606837606837606,6.684999942779541,234,34720,0.3098827470686767,False,7.639999866485596,False,0.95,True
nuscenes,scene-0103_010,rotation,roll,2.0,deg,42,0.09714861751152074,0.5042735042735043,0.3504273504273504,5.730000019073486,234,34720,0.3098827470686767,False,7.639999866485596,False,0.95,True
nuscenes,scene-0103_010,rotation,roll,3.0,deg,42,0.10020161290322581,0.3974358974358974,0.2863247863247863,10.25220012664795,234,34720,0.3098827470686767,True,7.639999866485596,True,0.95,True
nuscenes,scene-0103_010,rotation,pitch,-3.0,deg,42,0.0890552995391705,0.6794871794871795,0.3776824034334764,6.017899990081787,234,34720,0.3098827470686767,False,7.639999866485596,False,0.95,True
nuscenes,scene-0103_010,rotation,pitch,-2.0,deg,42,0.0893721198156682,0.7649572649572649,0.405982905982906,4.982150077819824,234,34720,0.3098827470686767,False,7.639999866485596,False,0.95,True
nuscenes,scene-0103_010,rotation,pitch,-1.0,deg,42,0.08980414746543779,0.8760683760683761,0.45726495726495725,3.9639501571655273,234,34720,0.3098827470686767,False,7.639999866485596,False,0.95,True
nuscenes,scene-0103_010,rotation,pitch,-0.5,deg,42,0.08974654377880184,0.9487179487179487,0.44871794871794873,3.819999933242798,234,34720,0.3098827470686767,False,7.639999866485596,False,0.95,True
nuscenes,scene-0103_010,rotation,pitch,0.0,deg,42,0.08986175115207373,1.0,0.4358974358974359,3.819999933242798,234,34720,0.3098827470686767,False,7.639999866485596,False,0.95,False
nuscenes,scene-0103_010,rotation,pitch,0.5,deg,42,0.09009216589861752,0.9358974358974359,0.41810344827586204,4.7118000984191895,234,34720,0.3098827470686767,False,7.639999866485596,False,0.95,True
nuscenes,scene-0103_010,rotation,pitch,1.0,deg,42,0.09017857142857143,0.8290598290598291,0.4025974025974026,5.062900066375732,234,34720,0.3098827470686767,False,7.639999866485596,False,0.95,True
nuscenes,scene-0103_010,rotation,pitch,2.0,deg,42,0.09000576036866359,0.7692307692307693,0.3537117903930131,6.017899990081787,234,34720,0.3098827470686767,False,7.639999866485596,False,0.95,True
nuscenes,scene-0103_010,rotation,pitch,3.0,deg,42,0.08997695852534562,0.7264957264957265,0.35964912280701755,6.972899913787842,234,34720,0.3098827470686767,False,7.639999866485596,False,0.95,True
nuscenes,scene-0103_010,rotation,yaw,-3.0,deg,42,0.08902649769585254,0.5170940170940171,0.3547008547008547,5.730000019073486,234,34720,0.3098827470686767,False,7.639999866485596,False,0.95,True
nuscenes,scene-0103_010,rotation,yaw,-2.0,deg,42,0.08951612903225807,0.6452991452991453,0.3547008547008547,6.1442999839782715,234,34720,0.3098827470686767,False,7.639999866485596,False,0.95,True
nuscenes,scene-0103_010,rotation,yaw,-1.0,deg,42,0.0896889400921659,0.7777777777777778,0.3974358974358974,5.603600025177002,234,34720,0.3098827470686767,False,7.639999866485596,False,0.95,True
nuscenes,scene-0103_010,rotation,yaw,-0.5,deg,42,0.08986175115207373,0.8760683760683761,0.405982905982906,4.775000095367432,234,34720,0.3098827470686767,False,7.639999866485596,False,0.95,True
nuscenes,scene-0103_010,rotation,yaw,0.0,deg,42,0.08986175115207373,1.0,0.4358974358974359,3.819999933242798,234,34720,0.3098827470686767,False,7.639999866485596,False,0.95,False
nuscenes,scene-0103_010,rotation,yaw,0.5,deg,42,0.09003456221198157,0.8803418803418803,0.452914798206278,3.819999933242798,234,34720,0.3098827470686767,False,7.639999866485596,False,0.95,True
nuscenes,scene-0103_010,rotation,yaw,1.0,deg,42,0.09000576036866359,0.8076923076923077,0.4337899543378995,4.107900142669678,234,34720,0.3098827470686767,False,7.639999866485596,False,0.95,True
nuscenes,scene-0103_010,rotation,yaw,2.0,deg,42,0.09003456221198157,0.6752136752136753,0.3791469194312796,6.1442999839782715,234,34720,0.3098827470686767,False,7.639999866485596,False,0.95,True
nuscenes,scene-0103_010,rotation,yaw,3.0,deg,42,0.09023617511520737,0.5726495726495726,0.35294117647058826,6.081099987030029,234,34720,0.3098827470686767,False,7.639999866485596,False,0.95,True
nuscenes,scene-0103_010,translation,x,-10.0,cm,42,0.09012096774193548,0.9316239316239316,0.4690265486725664,3.819999933242798,234,34720,0.3098827470686767,False,7.639999866485596,False,0.95,True
nuscenes,scene-0103_010,translation,x,-5.0,cm,42,0.09000576036866359,0.9700854700854701,0.4497816593886463,3.819999933242798,234,34720,0.3098827470686767,False,7.639999866485596,False,0.95,False
nuscenes,scene-0103_010,translation,x,-2.0,cm,42,0.08994815668202764,0.9914529914529915,0.46551724137931033,3.819999933242798,234,34720,0.3098827470686767,False,7.639999866485596,False,0.95,False
nuscenes,scene-0103_010,translation,x,0.0,cm,42,0.08986175115207373,1.0,0.4358974358974359,3.819999933242798,234,34720,0.3098827470686767,False,7.639999866485596,False,0.95,False
nuscenes,scene-0103_010,translation,x,2.0,cm,42,0.08986175115207373,0.9871794871794872,0.44871794871794873,4.234300136566162,234,34720,0.3098827470686767,False,7.639999866485596,False,0.95,False
nuscenes,scene-0103_010,translation,x,5.0,cm,42,0.08974654377880184,0.9572649572649573,0.44017094017094016,4.7118000984191895,234,34720,0.3098827470686767,False,7.639999866485596,False,0.95,False
nuscenes,scene-0103_010,translation,x,10.0,cm,42,0.08966013824884793,0.9316239316239316,0.44017094017094016,4.648600101470947,234,34720,0.3098827470686767,False,7.639999866485596,False,0.95,True
nuscenes,scene-0103_010,translation,y,-10.0,cm,42,0.0884504608294931,0.9444444444444444,0.4581497797356828,3.819999933242798,234,34720,0.3098827470686767,False,7.639999866485596,False,0.95,True
nuscenes,scene-0103_010,translation,y,-5.0,cm,42,0.08925691244239631,0.9743589743589743,0.43478260869565216,3.819999933242798,234,34720,0.3098827470686767,False,7.639999866485596,False,0.95,False
nuscenes,scene-0103_010,translation,y,-2.0,cm,42,0.08963133640552995,0.9871794871794872,0.4396551724137931,3.9639501571655273,234,34720,0.3098827470686767,False,7.639999866485596,False,0.95,False
nuscenes,scene-0103_010,translation,y,0.0,cm,42,0.08986175115207373,1.0,0.4358974358974359,3.819999933242798,234,34720,0.3098827470686767,False,7.639999866485596,False,0.95,False
nuscenes,scene-0103_010,translation,y,2.0,cm,42,0.09014976958525346,0.9957264957264957,0.452991452991453,3.819999933242798,234,34720,0.3098827470686767,False,7.639999866485596,False,0.95,False
nuscenes,scene-0103_010,translation,y,5.0,cm,42,0.09055299539170507,0.9871794871794872,0.45726495726495725,4.234300136566162,234,34720,0.3098827470686767,False,7.639999866485596,False,0.95,False
nuscenes,scene-0103_010,translation,y,10.0,cm,42,0.09127304147465438,0.9786324786324786,0.44871794871794873,4.234300136566162,234,34720,0.3098827470686767,False,7.639999866485596,False,0.95,False
nuscenes,scene-0103_010,translation,z,-10.0,cm,42,0.08588709677419355,0.9529914529914529,0.4358974358974359,4.775000095367432,234,34720,0.3098827470686767,False,7.639999866485596,False,0.95,False
nuscenes,scene-0103_010,translation,z,-5.0,cm,42,0.08830645161290322,0.9658119658119658,0.43162393162393164,4.441450119018555,234,34720,0.3098827470686767,False,7.639999866485596,False,0.95,False
nuscenes,scene-0103_010,translation,z,-2.0,cm,42,0.08928571428571429,0.9743589743589743,0.4230769230769231,4.234300136566162,234,34720,0.3098827470686767,False,7.639999866485596,False,0.95,False
nuscenes,scene-0103_010,translation,z,0.0,cm,42,0.08986175115207373,1.0,0.4358974358974359,3.819999933242798,234,34720,0.3098827470686767,False,7.639999866485596,False,0.95,False
nuscenes,scene-0103_010,translation,z,2.0,cm,42,0.09038018433179723,0.9914529914529915,0.45726495726495725,3.819999933242798,234,34720,0.3098827470686767,False,7.639999866485596,False,0.95,False
nuscenes,scene-0103_010,translation,z,5.0,cm,42,0.09098502304147466,0.9658119658119658,0.44871794871794873,4.107900142669678,234,34720,0.3098827470686767,False,7.639999866485596,False,0.95,False
nuscenes,scene-0103_010,translation,z,10.0,cm,42,0.09400921658986175,0.9529914529914529,0.4017094017094017,4.775000095367432,234,34720,0.3098827470686767,False,7.639999866485596,False,0.95,False
nuscenes,scene-0103_020,rotation,roll,-3.0,deg,42,0.07475828729281768,0.5678391959798995,0.14647377938517178,25.78499984741211,597,34752,0.3098827470686767,True,7.639999866485596,True,0.95,True
nuscenes,scene-0103_020,rotation,roll,-2.0,deg,42,0.07818255064456722,0.7571189279731994,0.21006944444444445,16.235000610351562,597,34752,0.3098827470686767,True,7.639999866485596,True,0.95,True
nuscenes,scene-0103_020,rotation,roll,-1.0,deg,42,0.08183701657458564,0.8609715242881072,0.26153846153846155,11.460000038146973,597,34752,0.3098827470686767,True,7.639999866485596,True,0.95,True
nuscenes,scene-0103_020,rotation,roll,-0.5,deg,42,0.0844267955801105,0.9631490787269682,0.2663316582914573,9.423600196838379,597,34752,0.3098827470686767,True,7.639999866485596,True,0.95,False
nuscenes,scene-0103_020,rotation,roll,0.0,deg,42,0.08603821362799263,1.0,0.3098827470686767,7.639999866485596,597,34752,0.3098827470686767,False,7.639999866485596,False,0.95,False
nuscenes,scene-0103_020,rotation,roll,0.5,deg,42,0.0871604511970534,0.9346733668341709,0.32160804020100503,6.684999942779541,597,34752,0.3098827470686767,False,7.639999866485596,False,0.95,True
nuscenes,scene-0103_020,rotation,roll,1.0,deg,42,0.09026818600368323,0.8777219430485762,0.304857621440536,7.387199878692627,597,34752,0.3098827470686767,True,7.639999866485596,False,0.95,True
nuscenes,scene-0103_020,rotation,roll,2.0,deg,42,0.09386510128913444,0.7638190954773869,0.30318257956448913,7.387199878692627,597,34752,0.3098827470686767,True,7.639999866485596,False,0.95,True
nuscenes,scene-0103_020,rotation,roll,3.0,deg,42,0.09688651012891344,0.6649916247906198,0.3098827470686767,7.639999866485596,597,34752,0.3098827470686767,False,7.639999866485596,False,0.95,True
nuscenes,scene-0103_020,rotation,pitch,-3.0,deg,42,0.08511740331491713,0.8760469011725294,0.28378378378378377,9.360400199890137,597,34752,0.3098827470686767,True,7.639999866485596,True,0.95,True
nuscenes,scene-0103_020,rotation,pitch,-2.0,deg,42,0.08572168508287292,0.9128978224455612,0.32323232323232326,7.450399875640869,597,34752,0.3098827470686767,False,7.639999866485596,False,0.95,True
nuscenes,scene-0103_020,rotation,pitch,-1.0,deg,42,0.0859231123388582,0.9530988274706867,0.32663316582914576,7.639999866485596,597,34752,0.3098827470686767,False,7.639999866485596,False,0.95,False
nuscenes,scene-0103_020,rotation,pitch,-0.5,deg,42,0.08600943830570902,0.9899497487437185,0.3098827470686767,7.9278998374938965,597,34752,0.3098827470686767,False,7.639999866485596,True,0.95,False
nuscenes,scene-0103_020,rotation,pitch,0.0,deg,42,0.08603821362799263,1.0,0.3098827470686767,7.639999866485596,597,34752,0.3098827470686767,False,7.639999866485596,False,0.95,False
nuscenes,scene-0103_020,rotation,pitch,0.5,deg,42,0.08629719152854512,0.9731993299832495,0.2981574539363484,7.639999866485596,597,34752,0.3098827470686767,True,7.639999866485596,False,0.95,False
nuscenes,scene-0103_020,rotation,pitch,1.0,deg,42,0.08626841620626151,0.9597989949748744,0.32160804020100503,7.639999866485596,597,34752,0.3098827470686767,False,7.639999866485596,False,0.95,False
nuscenes,scene-0103_020,rotation,pitch,2.0,deg,42,0.08606698895027624,0.9078726968174204,0.2830508474576271,7.513599872589111,597,34752,0.3098827470686767,True,7.639999866485596,False,0.95,True
nuscenes,scene-0103_020,rotation,pitch,3.0,deg,42,0.08609576427255985,0.8743718592964824,0.2852233676975945,8.054300308227539,597,34752,0.3098827470686767,True,7.639999866485596,True,0.95,True
nuscenes,scene-0103_020,rotation,yaw,-3.0,deg,42,0.08687269797421732,0.6984924623115578,0.32727272727272727,7.801499843597412,597,34752,0.3098827470686767,False,7.639999866485596,True,0.95,True
nuscenes,scene-0103_020,rotation,yaw,-2.0,deg,42,0.08658494475138122,0.7973199329983249,0.3208955223880597,7.639999866485596,597,34752,0.3098827470686767,False,7.639999866485596,False,0.95,True
nuscenes,scene-0103_020,rotation,yaw,-1.0,deg,42,0.08638351749539595,0.8927973199329984,0.29473684210526313,7.927900314331055,597,34752,0.3098827470686767,True,7.639999866485596,True,0.95,True
nuscenes,scene-0103_020,rotation,yaw,-0.5,deg,42,0.08635474217311234,0.9547738693467337,0.30256410256410254,7.639999866485596,597,34752,0.3098827470686767,True,7.639999866485596,False,0.95,False
nuscenes,scene-0103_020,rotation,yaw,0.0,deg,42,0.08603821362799263,1.0,0.3098827470686767,7.639999866485596,597,34752,0.3098827470686767,False,7.639999866485596,False,0.95,False
nuscenes,scene-0103_020,rotation,yaw,0.5,deg,42,0.08580801104972376,0.9447236180904522,0.3165829145728643,7.639999866485596,597,34752,0.3098827470686767,False,7.639999866485596,False,0.95,True
nuscenes,scene-0103_020,rotation,yaw,1.0,deg,42,0.08554903314917127,0.9061976549413735,0.32663316582914576,7.099299907684326,597,34752,0.3098827470686767,False,7.639999866485596,False,0.95,True
nuscenes,scene-0103_020,rotation,yaw,2.0,deg,42,0.0853188305709024,0.7956448911222781,0.3333333333333333,7.099299907684326,597,34752,0.3098827470686767,False,7.639999866485596,False,0.95,True
nuscenes,scene-0103_020,rotation,yaw,3.0,deg,42,0.08517495395948435,0.7001675041876047,0.2797319932998325,9.297200202941895,597,34752,0.3098827470686767,True,7.639999866485596,True,0.95,True
nuscenes,scene-0103_020,translation,x,-10.0,cm,42,0.08609576427255985,0.9597989949748744,0.3149078726968174,7.639999866485596,597,34752,0.3098827470686767,False,7.639999866485596,False,0.95,False
nuscenes,scene-0103_020,translation,x,-5.0,cm,42,0.08615331491712708,0.9765494137353434,0.3165829145728643,7.9278998374938965,597,34752,0.3098827470686767,False,7.639999866485596,True,0.95,False
nuscenes,scene-0103_020,translation,x,-2.0,cm,42,0.08615331491712708,0.9899497487437185,0.3065326633165829,7.639999866485596,597,34752,0.3098827470686767,True,7.639999866485596,False,0.95,False
nuscenes,scene-0103_020,translation,x,0.0,cm,42,0.08603821362799263,1.0,0.3098827470686767,7.639999866485596,597,34752,0.3098827470686767,False,7.639999866485596,False,0.95,False
nuscenes,scene-0103_020,translation,x,2.0,cm,42,0.08612453959484347,0.9949748743718593,0.31543624161073824,7.639999866485596,597,34752,0.3098827470686767,False,7.639999866485596,False,0.95,False
nuscenes,scene-0103_020,translation,x,5.0,cm,42,0.08612453959484347,0.9798994974874372,0.3096446700507614,7.639999866485596,597,34752,0.3098827470686767,True,7.639999866485596,False,0.95,False
nuscenes,scene-0103_020,translation,x,10.0,cm,42,0.08615331491712708,0.964824120603015,0.313893653516295,7.639999866485596,597,34752,0.3098827470686767,False,7.639999866485596,False,0.95,False
nuscenes,scene-0103_020,translation,y,-10.0,cm,42,0.0847145488029466,0.9748743718592965,0.3174872665534805,7.801499843597412,597,34752,0.3098827470686767,False,7.639999866485596,True,0.95,False
nuscenes,scene-0103_020,translation,y,-5.0,cm,42,0.08552025782688766,0.9882747068676717,0.31932773109243695,7.801499843597412,597,34752,0.3098827470686767,False,7.639999866485596,True,0.95,False
nuscenes,scene-0103_020,translation,y,-2.0,cm,42,0.08580801104972376,0.9966499162479062,0.31711409395973156,7.639999866485596,597,34752,0.3098827470686767,False,7.639999866485596,False,0.95,False
nuscenes,scene-0103_020,translation,y,0.0,cm,42,0.08603821362799263,1.0,0.3098827470686767,7.639999866485596,597,34752,0.3098827470686767,False,7.639999866485596,False,0.95,False
nuscenes,scene-0103_020,translation,y,2.0,cm,42,0.08638351749539595,0.9966499162479062,0.3082077051926298,7.639999866485596,597,34752,0.3098827470686767,True,7.639999866485596,False,0.95,False
nuscenes,scene-0103_020,translation,y,5.0,cm,42,0.08672882136279926,0.9916247906197655,0.2981574539363484,7.513599872589111,597,34752,0.3098827470686767,True,7.639999866485596,False,0.95,False
nuscenes,scene-0103_020,translation,y,10.0,cm,42,0.08747697974217311,0.9865996649916248,0.3149078726968174,7.639999866485596,597,34752,0.3098827470686767,False,7.639999866485596,False,0.95,False
nuscenes,scene-0103_020,translation,z,-10.0,cm,42,0.08192334254143646,0.9782244556113903,0.303236797274276,8.215800285339355,597,34752,0.3098827470686767,True,7.639999866485596,True,0.95,False
nuscenes,scene-0103_020,translation,z,-5.0,cm,42,0.08451312154696132,0.9966499162479062,0.2864321608040201,7.639999866485596,597,34752,0.3098827470686767,True,7.639999866485596,False,0.95,False
nuscenes,scene-0103_020,translation,z,-2.0,cm,42,0.08552025782688766,0.9966499162479062,0.2964824120603015,7.639999866485596,597,34752,0.3098827470686767,True,7.639999866485596,False,0.95,False
nuscenes,scene-0103_020,translation,z,0.0,cm,42,0.08603821362799263,1.0,0.3098827470686767,7.639999866485596,597,34752,0.3098827470686767,False,7.639999866485596,False,0.95,False
nuscenes,scene-0103_020,translation,z,2.0,cm,42,0.0865561694290976,1.0,0.3098827470686767,7.639999866485596,597,34752,0.3098827470686767,False,7.639999866485596,False,0.95,False
nuscenes,scene-0103_020,translation,z,5.0,cm,42,0.0871316758747698,0.9949748743718593,0.3098827470686767,7.639999866485596,597,34752,0.3098827470686767,False,7.639999866485596,False,0.95,False
nuscenes,scene-0103_020,translation,z,10.0,cm,42,0.09026818600368323,0.9782244556113903,0.33835845896147404,7.099299907684326,597,34752,0.3098827470686767,False,7.639999866485596,False,0.95,False
nuscenes,scene-1094_010,rotation,roll,-3.0,deg,42,0.09135724169741698,0.6017699115044248,0.329153605015674,5.603600025177002,678,34688,0.3098827470686767,False,7.639999866485596,False,0.95,True
nuscenes,scene-1094_010,rotation,roll,-2.0,deg,42,0.0957679889298893,0.7404129793510325,0.3486238532110092,5.189300060272217,678,34688,0.3098827470686767,False,7.639999866485596,False,0.95,True
nuscenes,scene-1094_010,rotation,roll,-1.0,deg,42,0.09983279520295203,0.8466076696165191,0.35798816568047337,4.918950080871582,678,34688,0.3098827470686767,False,7.639999866485596,False,0.95,True
nuscenes,scene-1094_010,rotation,roll,-0.5,deg,42,0.10110124538745388,0.943952802359882,0.3353028064992615,5.189300060272217,678,34688,0.3098827470686767,False,7.639999866485596,False,0.95,True
nuscenes,scene-1094_010,rotation,roll,0.0,deg,42,0.10355166051660517,1.0,0.3613569321533923,5.062900066375732,678,34688,0.3098827470686767,False,7.639999866485596,False,0.95,False
nuscenes,scene-1094_010,rotation,roll,0.5,deg,42,0.10545433579335793,0.9454277286135693,0.4085545722713864,4.234300136566162,678,34688,0.3098827470686767,False,7.639999866485596,False,0.95,True
nuscenes,scene-1094_010,rotation,roll,1.0,deg,42,0.10631918819188192,0.8805309734513275,0.41002949852507375,4.775000095367432,678,34688,0.3098827470686767,False,7.639999866485596,False,0.95,True
nuscenes,scene-1094_010,rotation,roll,2.0,deg,42,0.11064345018450185,0.7300884955752213,0.3997050147492625,4.648600101470947,678,34688,0.3098827470686767,False,7.639999866485596,False,0.95,True
nuscenes,scene-1094_010,rotation,roll,3.0,deg,42,0.11467942804428044,0.6194690265486725,0.35745937961595275,4.775000095367432,678,34688,0.3098827470686767,False,7.639999866485596,False,0.95,True
nuscenes,scene-1094_010,rotation,pitch,-3.0,deg,42,0.10343634686346863,0.8407079646017699,0.37910447761194027,5.189300060272217,678,34688,0.3098827470686767,False,7.639999866485596,False,0.95,True
nuscenes,scene-1094_010,rotation,pitch,-2.0,deg,42,0.10355166051660517,0.8967551622418879,0.4091580502215657,4.234300136566162,678,34688,0.3098827470686767,False,7.639999866485596,False,0.95,True
nuscenes,scene-1094_010,rotation,pitch,-1.0,deg,42,0.10363814575645756,0.9528023598820059,0.3663220088626292,5.062900066375732,678,34688,0.3098827470686767,False,7.639999866485596,False,0.95,False
nuscenes,scene-1094_010,rotation,pitch,-0.5,deg,42,0.10352283210332103,0.9882005899705014,0.38200589970501475,4.775000095367432,678,34688,0.3098827470686767,False,7.639999866485596,False,0.95,False
nuscenes,scene-1094_010,rotation,pitch,0.0,deg,42,0.10355166051660517,1.0,0.3613569321533923,5.062900066375732,678,34688,0.3098827470686767,False,7.639999866485596,False,0.95,False
nuscenes,scene-1094_010,rotation,pitch,0.5,deg,42,0.10363814575645756,0.9911504424778761,0.35893648449039883,4.775000095367432,678,34688,0.3098827470686767,False,7.639999866485596,False,0.95,False
nuscenes,scene-1094_010,rotation,pitch,1.0,deg,42,0.10363814575645756,0.976401179941003,0.4171597633136095,3.819999933242798,678,34688,0.3098827470686767,False,7.639999866485596,False,0.95,False
nuscenes,scene-1094_010,rotation,pitch,2.0,deg,42,0.10363814575645756,0.9469026548672567,0.34323922734026746,5.062900066375732,678,34688,0.3098827470686767,False,7.639999866485596,False,0.95,True
nuscenes,scene-1094_010,rotation,pitch,3.0,deg,42,0.1035804889298893,0.8982300884955752,0.3746268656716418,4.918950080871582,678,34688,0.3098827470686767,False,7.639999866485596,False,0.95,True
nuscenes,scene-1094_010,rotation,yaw,-3.0,deg,42,0.10234086715867159,0.6489675516224189,0.34626865671641793,4.775000095367432,678,34688,0.3098827470686767,False,7.639999866485596,False,0.95,True
nuscenes,scene-1094_010,rotation,yaw,-2.0,deg,42,0.10277329335793357,0.7256637168141593,0.3674074074074074,5.062900066375732,678,34688,0.3098827470686767,False,7.639999866485596,False,0.95,True
nuscenes,scene-1094_010,rotation,yaw,-1.0,deg,42,0.1032345479704797,0.8480825958702065,0.37168141592920356,5.062900066375732,678,34688,0.3098827470686767,False,7.639999866485596,False,0.95,True
nuscenes,scene-1094_010,rotation,yaw,-0.5,deg,42,0.1033210332103321,0.9203539823008849,0.3672566371681416,4.918950080871582,678,34688,0.3098827470686767,False,7.639999866485596,False,0.95,True
nuscenes,scene-1094_010,rotation,yaw,0.0,deg,42,0.10355166051660517,1.0,0.3613569321533923,5.062900066375732,678,34688,0.3098827470686767,False,7.639999866485596,False,0.95,False
nuscenes,scene-1094_010,rotation,yaw,0.5,deg,42,0.10360931734317343,0.9218289085545722,0.36459909228441756,5.062900066375732,678,34688,0.3098827470686767,False,7.639999866485596,False,0.95,True
nuscenes,scene-1094_010,rotation,yaw,1.0,deg,42,0.10378228782287822,0.8466076696165191,0.37888198757763975,4.775000095367432,678,34688,0.3098827470686767,False,7.639999866485596,False,0.95,True
nuscenes,scene-1094_010,rotation,yaw,2.0,deg,42,0.10404174354243542,0.7300884955752213,0.3737704918032787,4.648600101470947,678,34688,0.3098827470686767,False,7.639999866485596,False,0.95,True
nuscenes,scene-1094_010,rotation,yaw,3.0,deg,42,0.10430119926199262,0.6415929203539823,0.39304347826086955,4.234300136566162,678,34688,0.3098827470686767,False,7.639999866485596,False,0.95,True
nuscenes,scene-1094_010,translation,x,-10.0,cm,42,0.10346517527675277,0.9454277286135693,0.3495440729483283,4.775000095367432,678,34688,0.3098827470686767,False,7.639999866485596,False,0.95,True
nuscenes,scene-1094_010,translation,x,-5.0,cm,42,0.1034940036900369,0.976401179941003,0.3602391629297459,5.062900066375732,678,34688,0.3098827470686767,False,7.639999866485596,False,0.95,False
nuscenes,scene-1094_010,translation,x,-2.0,cm,42,0.10346517527675277,0.9911504424778761,0.3620178041543027,5.062900066375732,678,34688,0.3098827470686767,False,7.639999866485596,False,0.95,False
nuscenes,scene-1094_010,translation,x,0.0,cm,42,0.10355166051660517,1.0,0.3613569321533923,5.062900066375732,678,34688,0.3098827470686767,False,7.639999866485596,False,0.95,False
nuscenes,scene-1094_010,translation,x,2.0,cm,42,0.10355166051660517,0.9941002949852508,0.35693215339233036,4.775000095367432,678,34688,0.3098827470686767,False,7.639999866485596,False,0.95,False
nuscenes,scene-1094_010,translation,x,5.0,cm,42,0.10355166051660517,0.9808259587020649,0.35988200589970504,4.775000095367432,678,34688,0.3098827470686767,False,7.639999866485596,False,0.95,False
nuscenes,scene-1094_010,translation,x,10.0,cm,42,0.10360931734317343,0.9542772861356932,0.3584070796460177,5.062900066375732,678,34688,0.3098827470686767,False,7.639999866485596,False,0.95,False
nuscenes,scene-1094_010,translation,y,-10.0,cm,42,0.10069764760147601,0.9705014749262537,0.3704819277108434,5.189300060272217,678,34688,0.3098827470686767,False,7.639999866485596,False,0.95,False
nuscenes,scene-1094_010,translation,y,-5.0,cm,42,0.10236969557195572,0.9896755162241888,0.37091988130563797,5.062900066375732,678,34688,0.3098827470686767,False,7.639999866485596,False,0.95,False
nuscenes,scene-1094_010,translation,y,-2.0,cm,42,0.10309040590405905,0.9926253687315634,0.36592592592592593,4.775000095367432,678,34688,0.3098827470686767,False,7.639999866485596,False,0.95,False
nuscenes,scene-1094_010,translation,y,0.0,cm,42,0.10355166051660517,1.0,0.3613569321533923,5.062900066375732,678,34688,0.3098827470686767,False,7.639999866485596,False,0.95,False
nuscenes,scene-1094_010,translation,y,2.0,cm,42,0.1040129151291513,0.9970501474926253,0.3554572271386431,4.775000095367432,678,34688,0.3098827470686767,False,7.639999866485596,False,0.95,False
nuscenes,scene-1094_010,translation,y,5.0,cm,42,0.10447416974169742,0.9926253687315634,0.35103244837758113,5.062900066375732,678,34688,0.3098827470686767,False,7.639999866485596,False,0.95,False
nuscenes,scene-1094_010,translation,y,10.0,cm,42,0.10554082103321033,0.9852507374631269,0.34513274336283184,4.775000095367432,678,34688,0.3098827470686767,False,7.639999866485596,False,0.95,False
nuscenes,scene-1094_010,translation,z,-10.0,cm,42,0.10023639298892989,0.9528023598820059,0.3997050147492625,4.775000095367432,678,34688,0.3098827470686767,False,7.639999866485596,False,0.95,False
nuscenes,scene-1094_010,translation,z,-5.0,cm,42,0.101130073800738,0.9911504424778761,0.35988200589970504,5.477200031280518,678,34688,0.3098827470686767,False,7.639999866485596,False,0.95,False
nuscenes,scene-1094_010,translation,z,-2.0,cm,42,0.10231203874538745,1.0,0.3584070796460177,5.189300060272217,678,34688,0.3098827470686767,False,7.639999866485596,False,0.95,False
nuscenes,scene-1094_010,translation,z,0.0,cm,42,0.10355166051660517,1.0,0.3613569321533923,5.062900066375732,678,34688,0.3098827470686767,False,7.639999866485596,False,0.95,False
nuscenes,scene-1094_010,translation,z,2.0,cm,42,0.10441651291512916,0.9896755162241888,0.3495575221238938,5.062900066375732,678,34688,0.3098827470686767,False,7.639999866485596,False,0.95,False
nuscenes,scene-1094_010,translation,z,5.0,cm,42,0.10536785055350553,0.9867256637168141,0.387905604719764,4.648600101470947,678,34688,0.3098827470686767,False,7.639999866485596,False,0.95,False
nuscenes,scene-1094_010,translation,z,10.0,cm,42,0.10626153136531365,0.9852507374631269,0.35398230088495575,5.062900066375732,678,34688,0.3098827470686767,False,7.639999866485596,False,0.95,False
nuscenes,scene-1094_020,rotation,roll,-3.0,deg,42,0.06877880184331797,0.38235294117647056,0.49411764705882355,3.549649953842163,170,34720,0.3098827470686767,False,7.639999866485596,False,0.95,True
nuscenes,scene-1094_020,rotation,roll,-2.0,deg,42,0.07301267281105991,0.5117647058823529,0.5529411764705883,2.531450033187866,170,34720,0.3098827470686767,False,7.639999866485596,False,0.95,True
nuscenes,scene-1094_020,rotation,roll,-1.0,deg,42,0.07713133640552995,0.7411764705882353,0.6176470588235294,1.909999966621399,170,34720,0.3098827470686767,False,7.639999866485596,False,0.95,True
nuscenes,scene-1094_020,rotation,roll,-0.5,deg,42,0.07808179723502304,0.9,0.5823529411764706,2.3243000507354736,170,34720,0.3098827470686767,False,7.639999866485596,False,0.95,True
nuscenes,scene-1094_020,rotation,roll,0.0,deg,42,0.08078917050691244,1.0,0.6411764705882353,2.3243000507354736,170,34720,0.3098827470686767,False,7.639999866485596,False,0.95,False
nuscenes,scene-1094_020,rotation,roll,0.5,deg,42,0.08231566820276498,0.9294117647058824,0.611764705882353,1.909999966621399,170,34720,0.3098827470686767,False,7.639999866485596,False,0.95,True
nuscenes,scene-1094_020,rotation,roll,1.0,deg,42,0.08320852534562212,0.8647058823529412,0.7529411764705882,1.909999966621399,170,34720,0.3098827470686767,False,7.639999866485596,False,0.95,True
nuscenes,scene-1094_020,rotation,roll,2.0,deg,42,0.08767281105990783,0.7058823529411765,0.6529411764705882,1.909999966621399,170,34720,0.3098827470686767,False,7.639999866485596,False,0.95,True
nuscenes,scene-1094_020,rotation,roll,3.0,deg,42,0.09158986175115208,0.5352941176470588,0.7352941176470589,1.909999966621399,170,34720,0.3098827470686767,False,7.639999866485596,False,0.95,True
nuscenes,scene-1094_020,rotation,pitch,-3.0,deg,42,0.08061635944700461,0.8705882352941177,0.6647058823529411,1.909999966621399,170,34720,0.3098827470686767,False,7.639999866485596,False,0.95,True
nuscenes,scene-1094_020,rotation,pitch,-2.0,deg,42,0.08081797235023042,0.9235294117647059,0.7235294117647059,1.909999966621399,170,34720,0.3098827470686767,False,7.639999866485596,False,0.95,True
nuscenes,scene-1094_020,rotation,pitch,-1.0,deg,42,0.08076036866359447,0.9647058823529412,0.6352941176470588,2.3243000507354736,170,34720,0.3098827470686767,False,7.639999866485596,False,0.95,False
nuscenes,scene-1094_020,rotation,pitch,-0.5,deg,42,0.08078917050691244,0.9823529411764705,0.6058823529411764,2.531450033187866,170,34720,0.3098827470686767,False,7.639999866485596,False,0.95,False
nuscenes,scene-1094_020,rotation,pitch,0.0,deg,42,0.08078917050691244,1.0,0.6411764705882353,2.3243000507354736,170,34720,0.3098827470686767,False,7.639999866485596,False,0.95,False
nuscenes,scene-1094_020,rotation,pitch,0.5,deg,42,0.08093317972350231,0.9411764705882353,0.5705882352941176,2.531450033187866,170,34720,0.3098827470686767,False,7.639999866485596,False,0.95,True
nuscenes,scene-1094_020,rotation,pitch,1.0,deg,42,0.08093317972350231,0.9176470588235294,0.6411764705882353,2.738600015640259,170,34720,0.3098827470686767,False,7.639999866485596,False,0.95,True
nuscenes,scene-1094_020,rotation,pitch,2.0,deg,42,0.08101958525345622,0.8352941176470589,0.5882352941176471,2.3243000507354736,170,34720,0.3098827470686767,False,7.639999866485596,False,0.95,True
nuscenes,scene-1094_020,rotation,pitch,3.0,deg,42,0.08093317972350231,0.7352941176470589,0.6235294117647059,2.3243000507354736,170,34720,0.3098827470686767,False,7.639999866485596,False,0.95,True
nuscenes,scene-1094_020,rotation,yaw,-3.0,deg,42,0.08245967741935484,0.6176470588235294,0.6041666666666666,2.3243000507354736,170,34720,0.3098827470686767,False,7.639999866485596,False,0.95,True
nuscenes,scene-1094_020,rotation,yaw,-2.0,deg,42,0.08179723502304148,0.7058823529411765,0.6688741721854304,1.909999966621399,170,34720,0.3098827470686767,False,7.639999866485596,False,0.95,True
nuscenes,scene-1094_020,rotation,yaw,-1.0,deg,42,0.08125,0.8470588235294118,0.6772151898734177,1.909999966621399,170,34720,0.3098827470686767,False,7.639999866485596,False,0.95,True
nuscenes,scene-1094_020,rotation,yaw,-0.5,deg,42,0.08107718894009217,0.9294117647058824,0.6727272727272727,1.909999966621399,170,34720,0.3098827470686767,False,7.639999866485596,False,0.95,True
nuscenes,scene-1094_020,rotation,yaw,0.0,deg,42,0.08078917050691244,1.0,0.6411764705882353,2.3243000507354736,170,34720,0.3098827470686767,False,7.639999866485596,False,0.95,False
nuscenes,scene-1094_020,rotation,yaw,0.5,deg,42,0.0804147465437788,0.9235294117647059,0.6882352941176471,1.909999966621399,170,34720,0.3098827470686767,False,7.639999866485596,False,0.95,True
nuscenes,scene-1094_020,rotation,yaw,1.0,deg,42,0.08044354838709677,0.8647058823529412,0.7176470588235294,1.909999966621399,170,34720,0.3098827470686767,False,7.639999866485596,False,0.95,True
nuscenes,scene-1094_020,rotation,yaw,2.0,deg,42,0.08015552995391705,0.7,0.6529411764705882,1.909999966621399,170,34720,0.3098827470686767,False,7.639999866485596,False,0.95,True
nuscenes,scene-1094_020,rotation,yaw,3.0,deg,42,0.07963709677419355,0.5823529411764706,0.6529411764705882,1.909999966621399,170,34720,0.3098827470686767,False,7.639999866485596,False,0.95,True
nuscenes,scene-1094_020,translation,x,-10.0,cm,42,0.08061635944700461,0.9470588235294117,0.6647058823529411,1.909999966621399,170,34720,0.3098827470686767,False,7.639999866485596,False,0.95,True
nuscenes,scene-1094_020,translation,x,-5.0,cm,42,0.08058755760368663,0.9941176470588236,0.7058823529411765,1.909999966621399,170,34720,0.3098827470686767,False,7.639999866485596,False,0.95,False
nuscenes,scene-1094_020,translation,x,-2.0,cm,42,0.08070276497695852,1.0,0.6529411764705882,1.909999966621399,170,34720,0.3098827470686767,False,7.639999866485596,False,0.95,False
nuscenes,scene-1094_020,translation,x,0.0,cm,42,0.08078917050691244,1.0,0.6411764705882353,2.3243000507354736,170,34720,0.3098827470686767,False,7.639999866485596,False,0.95,False
nuscenes,scene-1094_020,translation,x,2.0,cm,42,0.08078917050691244,0.9882352941176471,0.6647058823529411,1.909999966621399,170,34720,0.3098827470686767,False,7.639999866485596,False,0.95,False
nuscenes,scene-1094_020,translation,x,5.0,cm,42,0.08099078341013825,0.9823529411764705,0.6529411764705882,1.909999966621399,170,34720,0.3098827470686767,False,7.639999866485596,False,0.95,False
nuscenes,scene-1094_020,translation,x,10.0,cm,42,0.08116359447004608,0.9647058823529412,0.6586826347305389,1.909999966621399,170,34720,0.3098827470686767,False,7.639999866485596,False,0.95,False
nuscenes,scene-1094_020,translation,y,-10.0,cm,42,0.07805299539170507,0.9823529411764705,0.6588235294117647,1.909999966621399,170,34720,0.3098827470686767,False,7.639999866485596,False,0.95,False
nuscenes,scene-1094_020,translation,y,-5.0,cm,42,0.0795794930875576,1.0,0.6764705882352942,1.909999966621399,170,34720,0.3098827470686767,False,7.639999866485596,False,0.95,False
nuscenes,scene-1094_020,translation,y,-2.0,cm,42,0.0804147465437788,1.0,0.6764705882352942,1.909999966621399,170,34720,0.3098827470686767,False,7.639999866485596,False,0.95,False
nuscenes,scene-1094_020,translation,y,0.0,cm,42,0.08078917050691244,1.0,0.6411764705882353,2.3243000507354736,170,34720,0.3098827470686767,False,7.639999866485596,False,0.95,False
nuscenes,scene-1094_020,translation,y,2.0,cm,42,0.08122119815668202,1.0,0.6352941176470588,1.909999966621399,170,34720,0.3098827470686767,False,7.639999866485596,False,0.95,False
nuscenes,scene-1094_020,translation,y,5.0,cm,42,0.0819700460829493,1.0,0.6647058823529411,2.3243000507354736,170,34720,0.3098827470686767,False,7.639999866485596,False,0.95,False
nuscenes,scene-1094_020,translation,y,10.0,cm,42,0.08289170506912442,0.9823529411764705,0.6882352941176471,1.909999966621399,170,34720,0.3098827470686767,False,7.639999866485596,False,0.95,False
nuscenes,scene-1094_020,translation,z,-10.0,cm,42,0.07730414746543779,0.9176470588235294,0.6235294117647059,1.909999966621399,170,34720,0.3098827470686767,False,7.639999866485596,False,0.95,True
nuscenes,scene-1094_020,translation,z,-5.0,cm,42,0.07811059907834102,0.9411764705882353,0.6235294117647059,2.3243000507354736,170,34720,0.3098827470686767,False,7.639999866485596,False,0.95,True
nuscenes,scene-1094_020,translation,z,-2.0,cm,42,0.0797811059907834,0.9647058823529412,0.6529411764705882,2.3243000507354736,170,34720,0.3098827470686767,False,7.639999866485596,False,0.95,False
nuscenes,scene-1094_020,translation,z,0.0,cm,42,0.08078917050691244,1.0,0.6411764705882353,2.3243000507354736,170,34720,0.3098827470686767,False,7.639999866485596,False,0.95,False
nuscenes,scene-1094_020,translation,z,2.0,cm,42,0.08159562211981566,0.9941176470588236,0.6411764705882353,2.117150068283081,170,34720,0.3098827470686767,False,7.639999866485596,False,0.95,False
nuscenes,scene-1094_020,translation,z,5.0,cm,42,0.08237327188940093,0.9882352941176471,0.6352941176470588,2.117150068283081,170,34720,0.3098827470686767,False,7.639999866485596,False,0.95,False
nuscenes,scene-1094_020,translation,z,10.0,cm,42,0.0841589861751152,0.9882352941176471,0.6352941176470588,1.909999966621399,170,34720,0.3098827470686767,False,7.639999866485596,False,0.95,False
