dataset,frame_id,perturbation,axis,value,unit,seed,baseline_object_points,inside_fov_ratio,object_point_retention,edge_alignment_score,chamfer_median_px,object_points_baseline,points_total
kitti,000011,random_dropout,all,1.0,ratio,42,1628,0.18467834524647236,1.0,0.5583538083538083,2.531450033187866,1628,108004
kitti,000011,random_dropout,all,0.7,ratio,42,1628,0.18498357702903157,0.7057739557739557,0.5639686684073107,2.3243000507354736,1628,108004
kitti,000011,random_dropout,all,0.5,ratio,42,1628,0.18397869289080107,0.5006142506142506,0.558282208588957,2.738600015640259,1628,108004
kitti,000011,random_dropout,all,0.3,ratio,42,1628,0.1837993675987352,0.29484029484029484,0.5645833333333333,2.738600015640259,1628,108004
kitti,000011,gaussian_noise,all,0.0,m,42,1628,0.18467834524647236,1.0,0.5583538083538083,2.531450033187866,1628,108004
kitti,000011,gaussian_noise,all,0.02,m,42,1628,0.1850394429835932,0.9705159705159705,0.5563076923076923,2.738600015640259,1628,108004
kitti,000011,gaussian_noise,all,0.05,m,42,1628,0.18518758564497612,0.941031941031941,0.5488257107540173,2.738600015640259,1628,108004
kitti,000011,gaussian_noise,all,0.1,m,42,1628,0.18545609421873263,0.8888206388206388,0.5442643391521197,2.738600015640259,1628,108004
kitti,000012,random_dropout,all,1.0,ratio,42,55,0.1558659078220437,1.0,1.0,0.9549999833106995,55,120007
kitti,000012,random_dropout,all,0.7,ratio,42,55,0.15714353793366376,0.6909090909090909,1.0,0.9549999833106995,55,120007
kitti,000012,random_dropout,all,0.5,ratio,42,55,0.15631171961302848,0.4727272727272727,1.0,0.9549999833106995,55,120007
kitti,000012,random_dropout,all,0.3,ratio,42,55,0.15723200356585693,0.2,1.0,0.9549999833106995,55,120007
kitti,000012,gaussian_noise,all,0.0,m,42,55,0.1558659078220437,1.0,1.0,0.9549999833106995,55,120007
kitti,000012,gaussian_noise,all,0.02,m,42,55,0.15609922754505987,1.0,1.0,0.9549999833106995,55,120007
kitti,000012,gaussian_noise,all,0.05,m,42,55,0.156057563308807,1.0,1.0,0.9549999833106995,55,120007
kitti,000012,gaussian_noise,all,0.1,m,42,55,0.15628255018457257,1.0,1.0,0.9549999833106995,55,120007
kitti,000019,random_dropout,all,1.0,ratio,42,7633,0.16242426337761567,1.0,0.4200183414122887,4.775000095367432,7633,115697
kitti,000019,random_dropout,all,0.7,ratio,42,7633,0.1634824518042511,0.7074544739944976,0.415,4.775000095367432,7633,115697
kitti,000019,random_dropout,all,0.5,ratio,42,7633,0.16358078299232293,0.5042578278527446,0.4169914263445051,4.775000095367432,7633,115697
kitti,000019,random_dropout,all,0.3,ratio,42,7633,0.16277726432532347,0.3038123935543037,0.41095299698145754,4.775000095367432,7633,115697
kitti,000019,gaussian_noise,all,0.0,m,42,7633,0.16242426337761567,1.0,0.4200183414122887,4.775000095367432,7633,115697
kitti,000019,gaussian_noise,all,0.02,m,42,7633,0.1625279825751748,0.9912223241189572,0.42579203365321416,4.648600101470947,7633,115697
kitti,000019,gaussian_noise,all,0.05,m,42,7633,0.1627094911709033,0.9768112144635137,0.4271716101694915,4.648600101470947,7633,115697
kitti,000019,gaussian_noise,all,0.1,m,42,7633,0.16271813443736657,0.9496921262937246,0.43356173585919655,4.234300136566162,7633,115697
kitti,000049,random_dropout,all,1.0,ratio,42,7798,0.15914188458189302,1.0,0.6063093100795076,1.909999966621399,7798,113691
kitti,000049,random_dropout,all,0.7,ratio,42,7798,0.1582316689724563,0.7003077712233906,0.6070316791796374,1.909999966621399,7798,113691
kitti,000049,random_dropout,all,0.5,ratio,42,7798,0.15874138235814036,0.5021800461656835,0.6087844739530133,1.909999966621399,7798,113691
kitti,000049,random_dropout,all,0.3,ratio,42,7798,0.15853371744370628,0.30225698897153114,0.6126431904963937,1.909999966621399,7798,113691
kitti,000049,gaussian_noise,all,0.0,m,42,7798,0.15914188458189302,1.0,0.6063093100795076,1.909999966621399,7798,113691
kitti,000049,gaussian_noise,all,0.02,m,42,7798,0.15907151841394657,0.9866632469864067,0.6102695763799744,1.909999966621399,7798,113691
kitti,000049,gaussian_noise,all,0.05,m,42,7798,0.1590979057269265,0.9687099256219543,0.6105181946766105,1.909999966621399,7798,113691
kitti,000049,gaussian_noise,all,0.1,m,42,7798,0.15946732810864536,0.9385739933316235,0.6049000644745326,1.909999966621399,7798,113691
kitti,000061,random_dropout,all,1.0,ratio,42,1713,0.15801576085654745,1.0,0.5271453590192644,2.865000009536743,1713,125247
kitti,000061,random_dropout,all,0.7,ratio,42,1713,0.15738753139986297,0.6964389959136019,0.512154233025985,2.865000009536743,1713,125247
kitti,000061,random_dropout,all,0.5,ratio,42,1713,0.15779595765158808,0.485697606538237,0.5060096153846154,2.865000009536743,1713,125247
kitti,000061,random_dropout,all,0.3,ratio,42,1713,0.15672399060029907,0.28838295388207824,0.48582995951417,3.2792999744415283,1713,125247
kitti,000061,gaussian_noise,all,0.0,m,42,1713,0.15801576085654745,1.0,0.5271453590192644,2.865000009536743,1713,125247
kitti,000061,gaussian_noise,all,0.02,m,42,1713,0.15812753998099754,0.989492119089317,0.5175644028103045,2.865000009536743,1713,125247
kitti,000061,gaussian_noise,all,0.05,m,42,1713,0.15838303512259774,0.9725627553998832,0.5158450704225352,2.865000009536743,1713,125247
kitti,000061,gaussian_noise,all,0.1,m,42,1713,0.15875030938864804,0.9433741973146527,0.5375962107756068,2.865000009536743,1713,125247
nuscenes,scene-0103_010,random_dropout,all,1.0,ratio,42,234,0.08986175115207373,1.0,0.4358974358974359,3.819999933242798,234,34720
nuscenes,scene-0103_010,random_dropout,all,0.7,ratio,42,234,0.09136260564831994,0.6965811965811965,0.4233128834355828,3.819999933242798,234,34720
nuscenes,scene-0103_010,random_dropout,all,0.5,ratio,42,234,0.08997280564716774,0.4829059829059829,0.3893805309734513,4.775000095367432,234,34720
nuscenes,scene-0103_010,random_dropout,all,0.3,ratio,42,234,0.09053458516957272,0.31196581196581197,0.3835616438356164,4.234300136566162,234,34720
nuscenes,scene-0103_010,gaussian_noise,all,0.0,m,42,234,0.08986175115207373,1.0,0.4358974358974359,3.819999933242798,234,34720
nuscenes,scene-0103_010,gaussian_noise,all,0.02,m,42,234,0.0898905529953917,0.9829059829059829,0.43162393162393164,4.107900142669678,234,34720
nuscenes,scene-0103_010,gaussian_noise,all,0.05,m,42,234,0.09020737327188941,0.9358974358974359,0.44206008583690987,4.234300136566162,234,34720
nuscenes,scene-0103_010,gaussian_noise,all,0.1,m,42,234,0.09017857142857143,0.8675213675213675,0.4391304347826087,3.9639501571655273,234,34720
nuscenes,scene-0103_020,random_dropout,all,1.0,ratio,42,597,0.08603821362799263,1.0,0.3098827470686767,7.639999866485596,597,34752
nuscenes,scene-0103_020,random_dropout,all,0.7,ratio,42,597,0.08686161449752883,0.7135678391959799,0.323943661971831,7.639999866485596,597,34752
nuscenes,scene-0103_020,random_dropout,all,0.5,ratio,42,597,0.08635838150289017,0.5142378559463987,0.31596091205211724,7.639999866485596,597,34752
nuscenes,scene-0103_020,random_dropout,all,0.3,ratio,42,597,0.08617387973956339,0.3065326633165829,0.31693989071038253,8.88290023803711,597,34752
nuscenes,scene-0103_020,gaussian_noise,all,0.0,m,42,597,0.08603821362799263,1.0,0.3098827470686767,7.639999866485596,597,34752
nuscenes,scene-0103_020,gaussian_noise,all,0.02,m,42,597,0.08626841620626151,0.983249581239531,0.32550335570469796,7.639999866485596,597,34752
nuscenes,scene-0103_020,gaussian_noise,all,0.05,m,42,597,0.08646984346224677,0.9765494137353434,0.3126050420168067,7.639999866485596,597,34752
nuscenes,scene-0103_020,gaussian_noise,all,0.1,m,42,597,0.08658494475138122,0.9430485762144054,0.303236797274276,7.801499843597412,597,34752
nuscenes,scene-1094_010,random_dropout,all,1.0,ratio,42,678,0.10355166051660517,1.0,0.3613569321533923,5.062900066375732,678,34688
nuscenes,scene-1094_010,random_dropout,all,0.7,ratio,42,678,0.10533481866567644,0.7300884955752213,0.3696969696969697,4.775000095367432,678,34688
nuscenes,scene-1094_010,random_dropout,all,0.5,ratio,42,678,0.10463231036479444,0.5073746312684366,0.37209302325581395,4.775000095367432,678,34688
nuscenes,scene-1094_010,random_dropout,all,0.3,ratio,42,678,0.10383509108341323,0.28466076696165193,0.35233160621761656,4.775000095367432,678,34688
nuscenes,scene-1094_010,gaussian_noise,all,0.0,m,42,678,0.10355166051660517,1.0,0.3613569321533923,5.062900066375732,678,34688
nuscenes,scene-1094_010,gaussian_noise,all,0.02,m,42,678,0.10343634686346863,0.9882005899705014,0.36927621861152143,4.775000095367432,678,34688
nuscenes,scene-1094_010,gaussian_noise,all,0.05,m,42,678,0.10343634686346863,0.976401179941003,0.36927621861152143,4.775000095367432,678,34688
nuscenes,scene-1094_010,gaussian_noise,all,0.1,m,42,678,0.10389760147601476,0.9218289085545722,0.3716417910447761,4.775000095367432,678,34688
nuscenes,scene-1094_020,random_dropout,all,1.0,ratio,42,170,0.08078917050691244,1.0,0.6411764705882353,2.3243000507354736,170,34720
nuscenes,scene-1094_020,random_dropout,all,0.7,ratio,42,170,0.08216862502576788,0.7294117647058823,0.6532258064516129,1.909999966621399,170,34720
nuscenes,scene-1094_020,random_dropout,all,0.5,ratio,42,170,0.08117803622056356,0.5,0.6823529411764706,1.909999966621399,170,34720
nuscenes,scene-1094_020,random_dropout,all,0.3,ratio,42,170,0.08239126269400268,0.28823529411764703,0.7346938775510204,1.909999966621399,170,34720
nuscenes,scene-1094_020,gaussian_noise,all,0.0,m,42,170,0.08078917050691244,1.0,0.6411764705882353,2.3243000507354736,170,34720
nuscenes,scene-1094_020,gaussian_noise,all,0.02,m,42,170,0.08078917050691244,0.9764705882352941,0.6941176470588235,1.909999966621399,170,34720
nuscenes,scene-1094_020,gaussian_noise,all,0.05,m,42,170,0.08061635944700461,0.9764705882352941,0.6823529411764706,1.909999966621399,170,34720
nuscenes,scene-1094_020,gaussian_noise,all,0.1,m,42,170,0.08084677419354838,0.9529411764705882,0.621301775147929,1.909999966621399,170,34720
