dataset,frame_id,repeat,latency_ms,p50_ms,p95_ms,seed,python,platform,cpu_model,logical_cpu_count
kitti,000011,1,29.994800,26.697100,29.762015,42,3.11.9,Windows-10-10.0.26200-SP0,not reported by OS,16
kitti,000011,2,28.296400,26.697100,29.762015,42,3.11.9,Windows-10-10.0.26200-SP0,not reported by OS,16
kitti,000011,3,30.002900,26.697100,29.762015,42,3.11.9,Windows-10-10.0.26200-SP0,not reported by OS,16
kitti,000011,4,24.838900,26.697100,29.762015,42,3.11.9,Windows-10-10.0.26200-SP0,not reported by OS,16
kitti,000011,5,27.673900,26.697100,29.762015,42,3.11.9,Windows-10-10.0.26200-SP0,not reported by OS,16
kitti,000011,6,24.525200,26.697100,29.762015,42,3.11.9,Windows-10-10.0.26200-SP0,not reported by OS,16
kitti,000011,7,26.186100,26.697100,29.762015,42,3.11.9,Windows-10-10.0.26200-SP0,not reported by OS,16
kitti,000011,8,23.625200,26.697100,29.762015,42,3.11.9,Windows-10-10.0.26200-SP0,not reported by OS,16
kitti,000011,9,25.880300,26.697100,29.762015,42,3.11.9,Windows-10-10.0.26200-SP0,not reported by OS,16
kitti,000011,10,27.708500,26.697100,29.762015,42,3.11.9,Windows-10-10.0.26200-SP0,not reported by OS,16
kitti,000011,11,24.287100,26.697100,29.762015,42,3.11.9,Windows-10-10.0.26200-SP0,not reported by OS,16
kitti,000011,12,26.484100,26.697100,29.762015,42,3.11.9,Windows-10-10.0.26200-SP0,not reported by OS,16
kitti,000011,13,25.721700,26.697100,29.762015,42,3.11.9,Windows-10-10.0.26200-SP0,not reported by OS,16
kitti,000011,14,25.789700,26.697100,29.762015,42,3.11.9,Windows-10-10.0.26200-SP0,not reported by OS,16
kitti,000011,15,27.124600,26.697100,29.762015,42,3.11.9,Windows-10-10.0.26200-SP0,not reported by OS,16
kitti,000011,16,25.920000,26.697100,29.762015,42,3.11.9,Windows-10-10.0.26200-SP0,not reported by OS,16
kitti,000011,17,27.724800,26.697100,29.762015,42,3.11.9,Windows-10-10.0.26200-SP0,not reported by OS,16
kitti,000011,18,29.477500,26.697100,29.762015,42,3.11.9,Windows-10-10.0.26200-SP0,not reported by OS,16
kitti,000011,19,26.985100,26.697100,29.762015,42,3.11.9,Windows-10-10.0.26200-SP0,not reported by OS,16
kitti,000011,20,24.596200,26.697100,29.762015,42,3.11.9,Windows-10-10.0.26200-SP0,not reported by OS,16
kitti,000011,21,27.230000,26.697100,29.762015,42,3.11.9,Windows-10-10.0.26200-SP0,not reported by OS,16
kitti,000011,22,25.944300,26.697100,29.762015,42,3.11.9,Windows-10-10.0.26200-SP0,not reported by OS,16
kitti,000011,23,23.521300,26.697100,29.762015,42,3.11.9,Windows-10-10.0.26200-SP0,not reported by OS,16
kitti,000011,24,26.684500,26.697100,29.762015,42,3.11.9,Windows-10-10.0.26200-SP0,not reported by OS,16
kitti,000011,25,27.865500,26.697100,29.762015,42,3.11.9,Windows-10-10.0.26200-SP0,not reported by OS,16
kitti,000011,26,26.709700,26.697100,29.762015,42,3.11.9,Windows-10-10.0.26200-SP0,not reported by OS,16
kitti,000011,27,28.632700,26.697100,29.762015,42,3.11.9,Windows-10-10.0.26200-SP0,not reported by OS,16
kitti,000011,28,27.482200,26.697100,29.762015,42,3.11.9,Windows-10-10.0.26200-SP0,not reported by OS,16
kitti,000011,29,29.265800,26.697100,29.762015,42,3.11.9,Windows-10-10.0.26200-SP0,not reported by OS,16
kitti,000011,30,25.568600,26.697100,29.762015,42,3.11.9,Windows-10-10.0.26200-SP0,not reported by OS,16
kitti,000012,1,34.859600,31.103600,34.779650,42,3.11.9,Windows-10-10.0.26200-SP0,not reported by OS,16
kitti,000012,2,33.516300,31.103600,34.779650,42,3.11.9,Windows-10-10.0.26200-SP0,not reported by OS,16
kitti,000012,3,28.285900,31.103600,34.779650,42,3.11.9,Windows-10-10.0.26200-SP0,not reported by OS,16
kitti,000012,4,30.085600,31.103600,34.779650,42,3.11.9,Windows-10-10.0.26200-SP0,not reported by OS,16
kitti,000012,5,29.604800,31.103600,34.779650,42,3.11.9,Windows-10-10.0.26200-SP0,not reported by OS,16
kitti,000012,6,30.341800,31.103600,34.779650,42,3.11.9,Windows-10-10.0.26200-SP0,not reported by OS,16
kitti,000012,7,27.730600,31.103600,34.779650,42,3.11.9,Windows-10-10.0.26200-SP0,not reported by OS,16
kitti,000012,8,30.410200,31.103600,34.779650,42,3.11.9,Windows-10-10.0.26200-SP0,not reported by OS,16
kitti,000012,9,29.889600,31.103600,34.779650,42,3.11.9,Windows-10-10.0.26200-SP0,not reported by OS,16
kitti,000012,10,31.179700,31.103600,34.779650,42,3.11.9,Windows-10-10.0.26200-SP0,not reported by OS,16
kitti,000012,11,34.858400,31.103600,34.779650,42,3.11.9,Windows-10-10.0.26200-SP0,not reported by OS,16
kitti,000012,12,34.526100,31.103600,34.779650,42,3.11.9,Windows-10-10.0.26200-SP0,not reported by OS,16
kitti,000012,13,34.683400,31.103600,34.779650,42,3.11.9,Windows-10-10.0.26200-SP0,not reported by OS,16
kitti,000012,14,32.309800,31.103600,34.779650,42,3.11.9,Windows-10-10.0.26200-SP0,not reported by OS,16
kitti,000012,15,30.316500,31.103600,34.779650,42,3.11.9,Windows-10-10.0.26200-SP0,not reported by OS,16
kitti,000012,16,29.202000,31.103600,34.779650,42,3.11.9,Windows-10-10.0.26200-SP0,not reported by OS,16
kitti,000012,17,27.814400,31.103600,34.779650,42,3.11.9,Windows-10-10.0.26200-SP0,not reported by OS,16
kitti,000012,18,30.931800,31.103600,34.779650,42,3.11.9,Windows-10-10.0.26200-SP0,not reported by OS,16
kitti,000012,19,31.027500,31.103600,34.779650,42,3.11.9,Windows-10-10.0.26200-SP0,not reported by OS,16
kitti,000012,20,33.634300,31.103600,34.779650,42,3.11.9,Windows-10-10.0.26200-SP0,not reported by OS,16
kitti,000012,21,30.351200,31.103600,34.779650,42,3.11.9,Windows-10-10.0.26200-SP0,not reported by OS,16
kitti,000012,22,30.374600,31.103600,34.779650,42,3.11.9,Windows-10-10.0.26200-SP0,not reported by OS,16
kitti,000012,23,29.640400,31.103600,34.779650,42,3.11.9,Windows-10-10.0.26200-SP0,not reported by OS,16
kitti,000012,24,31.326000,31.103600,34.779650,42,3.11.9,Windows-10-10.0.26200-SP0,not reported by OS,16
kitti,000012,25,33.475000,31.103600,34.779650,42,3.11.9,Windows-10-10.0.26200-SP0,not reported by OS,16
kitti,000012,26,33.935800,31.103600,34.779650,42,3.11.9,Windows-10-10.0.26200-SP0,not reported by OS,16
kitti,000012,27,32.042600,31.103600,34.779650,42,3.11.9,Windows-10-10.0.26200-SP0,not reported by OS,16
kitti,000012,28,34.005900,31.103600,34.779650,42,3.11.9,Windows-10-10.0.26200-SP0,not reported by OS,16
kitti,000012,29,31.925200,31.103600,34.779650,42,3.11.9,Windows-10-10.0.26200-SP0,not reported by OS,16
kitti,000012,30,33.164800,31.103600,34.779650,42,3.11.9,Windows-10-10.0.26200-SP0,not reported by OS,16
kitti,000019,1,34.670700,32.512500,47.784890,42,3.11.9,Windows-10-10.0.26200-SP0,not reported by OS,16
kitti,000019,2,30.262400,32.512500,47.784890,42,3.11.9,Windows-10-10.0.26200-SP0,not reported by OS,16
kitti,000019,3,30.920900,32.512500,47.784890,42,3.11.9,Windows-10-10.0.26200-SP0,not reported by OS,16
kitti,000019,4,37.839400,32.512500,47.784890,42,3.11.9,Windows-10-10.0.26200-SP0,not reported by OS,16
kitti,000019,5,29.920300,32.512500,47.784890,42,3.11.9,Windows-10-10.0.26200-SP0,not reported by OS,16
kitti,000019,6,31.252100,32.512500,47.784890,42,3.11.9,Windows-10-10.0.26200-SP0,not reported by OS,16
kitti,000019,7,28.170800,32.512500,47.784890,42,3.11.9,Windows-10-10.0.26200-SP0,not reported by OS,16
kitti,000019,8,29.627000,32.512500,47.784890,42,3.11.9,Windows-10-10.0.26200-SP0,not reported by OS,16
kitti,000019,9,32.676600,32.512500,47.784890,42,3.11.9,Windows-10-10.0.26200-SP0,not reported by OS,16
kitti,000019,10,34.624700,32.512500,47.784890,42,3.11.9,Windows-10-10.0.26200-SP0,not reported by OS,16
kitti,000019,11,32.998600,32.512500,47.784890,42,3.11.9,Windows-10-10.0.26200-SP0,not reported by OS,16
kitti,000019,12,37.482800,32.512500,47.784890,42,3.11.9,Windows-10-10.0.26200-SP0,not reported by OS,16
kitti,000019,13,39.651600,32.512500,47.784890,42,3.11.9,Windows-10-10.0.26200-SP0,not reported by OS,16
kitti,000019,14,33.718000,32.512500,47.784890,42,3.11.9,Windows-10-10.0.26200-SP0,not reported by OS,16
kitti,000019,15,31.676500,32.512500,47.784890,42,3.11.9,Windows-10-10.0.26200-SP0,not reported by OS,16
kitti,000019,16,31.582200,32.512500,47.784890,42,3.11.9,Windows-10-10.0.26200-SP0,not reported by OS,16
kitti,000019,17,31.866600,32.512500,47.784890,42,3.11.9,Windows-10-10.0.26200-SP0,not reported by OS,16
kitti,000019,18,29.193900,32.512500,47.784890,42,3.11.9,Windows-10-10.0.26200-SP0,not reported by OS,16
kitti,000019,19,33.081900,32.512500,47.784890,42,3.11.9,Windows-10-10.0.26200-SP0,not reported by OS,16
kitti,000019,20,30.739500,32.512500,47.784890,42,3.11.9,Windows-10-10.0.26200-SP0,not reported by OS,16
kitti,000019,21,30.416300,32.512500,47.784890,42,3.11.9,Windows-10-10.0.26200-SP0,not reported by OS,16
kitti,000019,22,30.001900,32.512500,47.784890,42,3.11.9,Windows-10-10.0.26200-SP0,not reported by OS,16
kitti,000019,23,32.624500,32.512500,47.784890,42,3.11.9,Windows-10-10.0.26200-SP0,not reported by OS,16
kitti,000019,24,32.400500,32.512500,47.784890,42,3.11.9,Windows-10-10.0.26200-SP0,not reported by OS,16
kitti,000019,25,35.790700,32.512500,47.784890,42,3.11.9,Windows-10-10.0.26200-SP0,not reported by OS,16
kitti,000019,26,33.841400,32.512500,47.784890,42,3.11.9,Windows-10-10.0.26200-SP0,not reported by OS,16
kitti,000019,27,38.639900,32.512500,47.784890,42,3.11.9,Windows-10-10.0.26200-SP0,not reported by OS,16
kitti,000019,28,65.870600,32.512500,47.784890,42,3.11.9,Windows-10-10.0.26200-SP0,not reported by OS,16
kitti,000019,29,54.439400,32.512500,47.784890,42,3.11.9,Windows-10-10.0.26200-SP0,not reported by OS,16
kitti,000019,30,32.146700,32.512500,47.784890,42,3.11.9,Windows-10-10.0.26200-SP0,not reported by OS,16
kitti,000049,1,31.030800,30.964500,34.738035,42,3.11.9,Windows-10-10.0.26200-SP0,not reported by OS,16
kitti,000049,2,32.025000,30.964500,34.738035,42,3.11.9,Windows-10-10.0.26200-SP0,not reported by OS,16
kitti,000049,3,33.833200,30.964500,34.738035,42,3.11.9,Windows-10-10.0.26200-SP0,not reported by OS,16
kitti,000049,4,34.983600,30.964500,34.738035,42,3.11.9,Windows-10-10.0.26200-SP0,not reported by OS,16
kitti,000049,5,34.152700,30.964500,34.738035,42,3.11.9,Windows-10-10.0.26200-SP0,not reported by OS,16
kitti,000049,6,30.898200,30.964500,34.738035,42,3.11.9,Windows-10-10.0.26200-SP0,not reported by OS,16
kitti,000049,7,27.630100,30.964500,34.738035,42,3.11.9,Windows-10-10.0.26200-SP0,not reported by OS,16
kitti,000049,8,32.424100,30.964500,34.738035,42,3.11.9,Windows-10-10.0.26200-SP0,not reported by OS,16
kitti,000049,9,30.082600,30.964500,34.738035,42,3.11.9,Windows-10-10.0.26200-SP0,not reported by OS,16
kitti,000049,10,30.025200,30.964500,34.738035,42,3.11.9,Windows-10-10.0.26200-SP0,not reported by OS,16
kitti,000049,11,25.512400,30.964500,34.738035,42,3.11.9,Windows-10-10.0.26200-SP0,not reported by OS,16
kitti,000049,12,32.844900,30.964500,34.738035,42,3.11.9,Windows-10-10.0.26200-SP0,not reported by OS,16
kitti,000049,13,36.676100,30.964500,34.738035,42,3.11.9,Windows-10-10.0.26200-SP0,not reported by OS,16
kitti,000049,14,29.214300,30.964500,34.738035,42,3.11.9,Windows-10-10.0.26200-SP0,not reported by OS,16
kitti,000049,15,29.330800,30.964500,34.738035,42,3.11.9,Windows-10-10.0.26200-SP0,not reported by OS,16
kitti,000049,16,28.770100,30.964500,34.738035,42,3.11.9,Windows-10-10.0.26200-SP0,not reported by OS,16
kitti,000049,17,29.404100,30.964500,34.738035,42,3.11.9,Windows-10-10.0.26200-SP0,not reported by OS,16
kitti,000049,18,28.724000,30.964500,34.738035,42,3.11.9,Windows-10-10.0.26200-SP0,not reported by OS,16
kitti,000049,19,32.280700,30.964500,34.738035,42,3.11.9,Windows-10-10.0.26200-SP0,not reported by OS,16
kitti,000049,20,34.437900,30.964500,34.738035,42,3.11.9,Windows-10-10.0.26200-SP0,not reported by OS,16
kitti,000049,21,30.793200,30.964500,34.738035,42,3.11.9,Windows-10-10.0.26200-SP0,not reported by OS,16
kitti,000049,22,28.939300,30.964500,34.738035,42,3.11.9,Windows-10-10.0.26200-SP0,not reported by OS,16
kitti,000049,23,28.203400,30.964500,34.738035,42,3.11.9,Windows-10-10.0.26200-SP0,not reported by OS,16
kitti,000049,24,28.631200,30.964500,34.738035,42,3.11.9,Windows-10-10.0.26200-SP0,not reported by OS,16
kitti,000049,25,31.302900,30.964500,34.738035,42,3.11.9,Windows-10-10.0.26200-SP0,not reported by OS,16
kitti,000049,26,31.961200,30.964500,34.738035,42,3.11.9,Windows-10-10.0.26200-SP0,not reported by OS,16
kitti,000049,27,30.392200,30.964500,34.738035,42,3.11.9,Windows-10-10.0.26200-SP0,not reported by OS,16
kitti,000049,28,31.112800,30.964500,34.738035,42,3.11.9,Windows-10-10.0.26200-SP0,not reported by OS,16
kitti,000049,29,31.873900,30.964500,34.738035,42,3.11.9,Windows-10-10.0.26200-SP0,not reported by OS,16
kitti,000049,30,32.482900,30.964500,34.738035,42,3.11.9,Windows-10-10.0.26200-SP0,not reported by OS,16
kitti,000061,1,34.185800,34.588150,38.959015,42,3.11.9,Windows-10-10.0.26200-SP0,not reported by OS,16
kitti,000061,2,40.647900,34.588150,38.959015,42,3.11.9,Windows-10-10.0.26200-SP0,not reported by OS,16
kitti,000061,3,39.088300,34.588150,38.959015,42,3.11.9,Windows-10-10.0.26200-SP0,not reported by OS,16
kitti,000061,4,32.281200,34.588150,38.959015,42,3.11.9,Windows-10-10.0.26200-SP0,not reported by OS,16
kitti,000061,5,33.308400,34.588150,38.959015,42,3.11.9,Windows-10-10.0.26200-SP0,not reported by OS,16
kitti,000061,6,36.968700,34.588150,38.959015,42,3.11.9,Windows-10-10.0.26200-SP0,not reported by OS,16
kitti,000061,7,33.581900,34.588150,38.959015,42,3.11.9,Windows-10-10.0.26200-SP0,not reported by OS,16
kitti,000061,8,32.092900,34.588150,38.959015,42,3.11.9,Windows-10-10.0.26200-SP0,not reported by OS,16
kitti,000061,9,33.720400,34.588150,38.959015,42,3.11.9,Windows-10-10.0.26200-SP0,not reported by OS,16
kitti,000061,10,34.284500,34.588150,38.959015,42,3.11.9,Windows-10-10.0.26200-SP0,not reported by OS,16
kitti,000061,11,36.084900,34.588150,38.959015,42,3.11.9,Windows-10-10.0.26200-SP0,not reported by OS,16
kitti,000061,12,32.379500,34.588150,38.959015,42,3.11.9,Windows-10-10.0.26200-SP0,not reported by OS,16
kitti,000061,13,34.452400,34.588150,38.959015,42,3.11.9,Windows-10-10.0.26200-SP0,not reported by OS,16
kitti,000061,14,37.512100,34.588150,38.959015,42,3.11.9,Windows-10-10.0.26200-SP0,not reported by OS,16
kitti,000061,15,34.658300,34.588150,38.959015,42,3.11.9,Windows-10-10.0.26200-SP0,not reported by OS,16
kitti,000061,16,33.321600,34.588150,38.959015,42,3.11.9,Windows-10-10.0.26200-SP0,not reported by OS,16
kitti,000061,17,37.506900,34.588150,38.959015,42,3.11.9,Windows-10-10.0.26200-SP0,not reported by OS,16
kitti,000061,18,34.303500,34.588150,38.959015,42,3.11.9,Windows-10-10.0.26200-SP0,not reported by OS,16
kitti,000061,19,37.115700,34.588150,38.959015,42,3.11.9,Windows-10-10.0.26200-SP0,not reported by OS,16
kitti,000061,20,35.294700,34.588150,38.959015,42,3.11.9,Windows-10-10.0.26200-SP0,not reported by OS,16
kitti,000061,21,31.154800,34.588150,38.959015,42,3.11.9,Windows-10-10.0.26200-SP0,not reported by OS,16
kitti,000061,22,35.116000,34.588150,38.959015,42,3.11.9,Windows-10-10.0.26200-SP0,not reported by OS,16
kitti,000061,23,35.175700,34.588150,38.959015,42,3.11.9,Windows-10-10.0.26200-SP0,not reported by OS,16
kitti,000061,24,34.518000,34.588150,38.959015,42,3.11.9,Windows-10-10.0.26200-SP0,not reported by OS,16
kitti,000061,25,38.801000,34.588150,38.959015,42,3.11.9,Windows-10-10.0.26200-SP0,not reported by OS,16
kitti,000061,26,35.719700,34.588150,38.959015,42,3.11.9,Windows-10-10.0.26200-SP0,not reported by OS,16
kitti,000061,27,36.346200,34.588150,38.959015,42,3.11.9,Windows-10-10.0.26200-SP0,not reported by OS,16
kitti,000061,28,32.172000,34.588150,38.959015,42,3.11.9,Windows-10-10.0.26200-SP0,not reported by OS,16
kitti,000061,29,33.931200,34.588150,38.959015,42,3.11.9,Windows-10-10.0.26200-SP0,not reported by OS,16
kitti,000061,30,34.934300,34.588150,38.959015,42,3.11.9,Windows-10-10.0.26200-SP0,not reported by OS,16
nuscenes,scene-0103_010,1,8.174100,7.548350,8.746845,42,3.11.9,Windows-10-10.0.26200-SP0,not reported by OS,16
nuscenes,scene-0103_010,2,7.929000,7.548350,8.746845,42,3.11.9,Windows-10-10.0.26200-SP0,not reported by OS,16
nuscenes,scene-0103_010,3,7.436400,7.548350,8.746845,42,3.11.9,Windows-10-10.0.26200-SP0,not reported by OS,16
nuscenes,scene-0103_010,4,7.603300,7.548350,8.746845,42,3.11.9,Windows-10-10.0.26200-SP0,not reported by OS,16
nuscenes,scene-0103_010,5,7.205700,7.548350,8.746845,42,3.11.9,Windows-10-10.0.26200-SP0,not reported by OS,16
nuscenes,scene-0103_010,6,7.570300,7.548350,8.746845,42,3.11.9,Windows-10-10.0.26200-SP0,not reported by OS,16
nuscenes,scene-0103_010,7,7.074200,7.548350,8.746845,42,3.11.9,Windows-10-10.0.26200-SP0,not reported by OS,16
nuscenes,scene-0103_010,8,7.624900,7.548350,8.746845,42,3.11.9,Windows-10-10.0.26200-SP0,not reported by OS,16
nuscenes,scene-0103_010,9,7.712900,7.548350,8.746845,42,3.11.9,Windows-10-10.0.26200-SP0,not reported by OS,16
nuscenes,scene-0103_010,10,7.190100,7.548350,8.746845,42,3.11.9,Windows-10-10.0.26200-SP0,not reported by OS,16
nuscenes,scene-0103_010,11,7.284100,7.548350,8.746845,42,3.11.9,Windows-10-10.0.26200-SP0,not reported by OS,16
nuscenes,scene-0103_010,12,7.039600,7.548350,8.746845,42,3.11.9,Windows-10-10.0.26200-SP0,not reported by OS,16
nuscenes,scene-0103_010,13,7.294400,7.548350,8.746845,42,3.11.9,Windows-10-10.0.26200-SP0,not reported by OS,16
nuscenes,scene-0103_010,14,6.329700,7.548350,8.746845,42,3.11.9,Windows-10-10.0.26200-SP0,not reported by OS,16
nuscenes,scene-0103_010,15,6.896400,7.548350,8.746845,42,3.11.9,Windows-10-10.0.26200-SP0,not reported by OS,16
nuscenes,scene-0103_010,16,7.526400,7.548350,8.746845,42,3.11.9,Windows-10-10.0.26200-SP0,not reported by OS,16
nuscenes,scene-0103_010,17,7.686300,7.548350,8.746845,42,3.11.9,Windows-10-10.0.26200-SP0,not reported by OS,16
nuscenes,scene-0103_010,18,8.341600,7.548350,8.746845,42,3.11.9,Windows-10-10.0.26200-SP0,not reported by OS,16
nuscenes,scene-0103_010,19,6.967500,7.548350,8.746845,42,3.11.9,Windows-10-10.0.26200-SP0,not reported by OS,16
nuscenes,scene-0103_010,20,7.711800,7.548350,8.746845,42,3.11.9,Windows-10-10.0.26200-SP0,not reported by OS,16
nuscenes,scene-0103_010,21,8.694100,7.548350,8.746845,42,3.11.9,Windows-10-10.0.26200-SP0,not reported by OS,16
nuscenes,scene-0103_010,22,8.493500,7.548350,8.746845,42,3.11.9,Windows-10-10.0.26200-SP0,not reported by OS,16
nuscenes,scene-0103_010,23,7.195600,7.548350,8.746845,42,3.11.9,Windows-10-10.0.26200-SP0,not reported by OS,16
nuscenes,scene-0103_010,24,8.274300,7.548350,8.746845,42,3.11.9,Windows-10-10.0.26200-SP0,not reported by OS,16
nuscenes,scene-0103_010,25,7.990300,7.548350,8.746845,42,3.11.9,Windows-10-10.0.26200-SP0,not reported by OS,16
nuscenes,scene-0103_010,26,7.204100,7.548350,8.746845,42,3.11.9,Windows-10-10.0.26200-SP0,not reported by OS,16
nuscenes,scene-0103_010,27,6.984300,7.548350,8.746845,42,3.11.9,Windows-10-10.0.26200-SP0,not reported by OS,16
nuscenes,scene-0103_010,28,7.093700,7.548350,8.746845,42,3.11.9,Windows-10-10.0.26200-SP0,not reported by OS,16
nuscenes,scene-0103_010,29,9.699500,7.548350,8.746845,42,3.11.9,Windows-10-10.0.26200-SP0,not reported by OS,16
nuscenes,scene-0103_010,30,8.790000,7.548350,8.746845,42,3.11.9,Windows-10-10.0.26200-SP0,not reported by OS,16
nuscenes,scene-0103_020,1,7.944500,7.320350,7.873310,42,3.11.9,Windows-10-10.0.26200-SP0,not reported by OS,16
nuscenes,scene-0103_020,2,7.553500,7.320350,7.873310,42,3.11.9,Windows-10-10.0.26200-SP0,not reported by OS,16
nuscenes,scene-0103_020,3,7.255000,7.320350,7.873310,42,3.11.9,Windows-10-10.0.26200-SP0,not reported by OS,16
nuscenes,scene-0103_020,4,8.166600,7.320350,7.873310,42,3.11.9,Windows-10-10.0.26200-SP0,not reported by OS,16
nuscenes,scene-0103_020,5,7.702200,7.320350,7.873310,42,3.11.9,Windows-10-10.0.26200-SP0,not reported by OS,16
nuscenes,scene-0103_020,6,7.623400,7.320350,7.873310,42,3.11.9,Windows-10-10.0.26200-SP0,not reported by OS,16
nuscenes,scene-0103_020,7,7.098300,7.320350,7.873310,42,3.11.9,Windows-10-10.0.26200-SP0,not reported by OS,16
nuscenes,scene-0103_020,8,7.687400,7.320350,7.873310,42,3.11.9,Windows-10-10.0.26200-SP0,not reported by OS,16
nuscenes,scene-0103_020,9,7.465300,7.320350,7.873310,42,3.11.9,Windows-10-10.0.26200-SP0,not reported by OS,16
nuscenes,scene-0103_020,10,6.904000,7.320350,7.873310,42,3.11.9,Windows-10-10.0.26200-SP0,not reported by OS,16
nuscenes,scene-0103_020,11,7.770600,7.320350,7.873310,42,3.11.9,Windows-10-10.0.26200-SP0,not reported by OS,16
nuscenes,scene-0103_020,12,7.691800,7.320350,7.873310,42,3.11.9,Windows-10-10.0.26200-SP0,not reported by OS,16
nuscenes,scene-0103_020,13,7.226600,7.320350,7.873310,42,3.11.9,Windows-10-10.0.26200-SP0,not reported by OS,16
nuscenes,scene-0103_020,14,6.916600,7.320350,7.873310,42,3.11.9,Windows-10-10.0.26200-SP0,not reported by OS,16
nuscenes,scene-0103_020,15,7.036400,7.320350,7.873310,42,3.11.9,Windows-10-10.0.26200-SP0,not reported by OS,16
nuscenes,scene-0103_020,16,7.380300,7.320350,7.873310,42,3.11.9,Windows-10-10.0.26200-SP0,not reported by OS,16
nuscenes,scene-0103_020,17,6.822600,7.320350,7.873310,42,3.11.9,Windows-10-10.0.26200-SP0,not reported by OS,16
nuscenes,scene-0103_020,18,7.008300,7.320350,7.873310,42,3.11.9,Windows-10-10.0.26200-SP0,not reported by OS,16
nuscenes,scene-0103_020,19,7.194300,7.320350,7.873310,42,3.11.9,Windows-10-10.0.26200-SP0,not reported by OS,16
nuscenes,scene-0103_020,20,4.840700,7.320350,7.873310,42,3.11.9,Windows-10-10.0.26200-SP0,not reported by OS,16
nuscenes,scene-0103_020,21,5.238400,7.320350,7.873310,42,3.11.9,Windows-10-10.0.26200-SP0,not reported by OS,16
nuscenes,scene-0103_020,22,7.454200,7.320350,7.873310,42,3.11.9,Windows-10-10.0.26200-SP0,not reported by OS,16
nuscenes,scene-0103_020,23,6.584100,7.320350,7.873310,42,3.11.9,Windows-10-10.0.26200-SP0,not reported by OS,16
nuscenes,scene-0103_020,24,7.260400,7.320350,7.873310,42,3.11.9,Windows-10-10.0.26200-SP0,not reported by OS,16
nuscenes,scene-0103_020,25,7.447100,7.320350,7.873310,42,3.11.9,Windows-10-10.0.26200-SP0,not reported by OS,16
nuscenes,scene-0103_020,26,7.402800,7.320350,7.873310,42,3.11.9,Windows-10-10.0.26200-SP0,not reported by OS,16
nuscenes,scene-0103_020,27,4.678700,7.320350,7.873310,42,3.11.9,Windows-10-10.0.26200-SP0,not reported by OS,16
nuscenes,scene-0103_020,28,7.572200,7.320350,7.873310,42,3.11.9,Windows-10-10.0.26200-SP0,not reported by OS,16
nuscenes,scene-0103_020,29,7.786300,7.320350,7.873310,42,3.11.9,Windows-10-10.0.26200-SP0,not reported by OS,16
nuscenes,scene-0103_020,30,6.427500,7.320350,7.873310,42,3.11.9,Windows-10-10.0.26200-SP0,not reported by OS,16
nuscenes,scene-1094_010,1,7.204400,7.379350,8.831405,42,3.11.9,Windows-10-10.0.26200-SP0,not reported by OS,16
nuscenes,scene-1094_010,2,6.900900,7.379350,8.831405,42,3.11.9,Windows-10-10.0.26200-SP0,not reported by OS,16
nuscenes,scene-1094_010,3,7.898200,7.379350,8.831405,42,3.11.9,Windows-10-10.0.26200-SP0,not reported by OS,16
nuscenes,scene-1094_010,4,7.171500,7.379350,8.831405,42,3.11.9,Windows-10-10.0.26200-SP0,not reported by OS,16
nuscenes,scene-1094_010,5,8.453000,7.379350,8.831405,42,3.11.9,Windows-10-10.0.26200-SP0,not reported by OS,16
nuscenes,scene-1094_010,6,7.170200,7.379350,8.831405,42,3.11.9,Windows-10-10.0.26200-SP0,not reported by OS,16
nuscenes,scene-1094_010,7,8.269600,7.379350,8.831405,42,3.11.9,Windows-10-10.0.26200-SP0,not reported by OS,16
nuscenes,scene-1094_010,8,8.169600,7.379350,8.831405,42,3.11.9,Windows-10-10.0.26200-SP0,not reported by OS,16
nuscenes,scene-1094_010,9,7.749200,7.379350,8.831405,42,3.11.9,Windows-10-10.0.26200-SP0,not reported by OS,16
nuscenes,scene-1094_010,10,7.127200,7.379350,8.831405,42,3.11.9,Windows-10-10.0.26200-SP0,not reported by OS,16
nuscenes,scene-1094_010,11,7.325900,7.379350,8.831405,42,3.11.9,Windows-10-10.0.26200-SP0,not reported by OS,16
nuscenes,scene-1094_010,12,7.280800,7.379350,8.831405,42,3.11.9,Windows-10-10.0.26200-SP0,not reported by OS,16
nuscenes,scene-1094_010,13,7.562200,7.379350,8.831405,42,3.11.9,Windows-10-10.0.26200-SP0,not reported by OS,16
nuscenes,scene-1094_010,14,7.405600,7.379350,8.831405,42,3.11.9,Windows-10-10.0.26200-SP0,not reported by OS,16
nuscenes,scene-1094_010,15,6.984000,7.379350,8.831405,42,3.11.9,Windows-10-10.0.26200-SP0,not reported by OS,16
nuscenes,scene-1094_010,16,7.356500,7.379350,8.831405,42,3.11.9,Windows-10-10.0.26200-SP0,not reported by OS,16
nuscenes,scene-1094_010,17,7.694700,7.379350,8.831405,42,3.11.9,Windows-10-10.0.26200-SP0,not reported by OS,16
nuscenes,scene-1094_010,18,9.086000,7.379350,8.831405,42,3.11.9,Windows-10-10.0.26200-SP0,not reported by OS,16
nuscenes,scene-1094_010,19,8.535000,7.379350,8.831405,42,3.11.9,Windows-10-10.0.26200-SP0,not reported by OS,16
nuscenes,scene-1094_010,20,8.817600,7.379350,8.831405,42,3.11.9,Windows-10-10.0.26200-SP0,not reported by OS,16
nuscenes,scene-1094_010,21,8.285500,7.379350,8.831405,42,3.11.9,Windows-10-10.0.26200-SP0,not reported by OS,16
nuscenes,scene-1094_010,22,7.932800,7.379350,8.831405,42,3.11.9,Windows-10-10.0.26200-SP0,not reported by OS,16
nuscenes,scene-1094_010,23,7.057900,7.379350,8.831405,42,3.11.9,Windows-10-10.0.26200-SP0,not reported by OS,16
nuscenes,scene-1094_010,24,8.842700,7.379350,8.831405,42,3.11.9,Windows-10-10.0.26200-SP0,not reported by OS,16
nuscenes,scene-1094_010,25,7.079000,7.379350,8.831405,42,3.11.9,Windows-10-10.0.26200-SP0,not reported by OS,16
nuscenes,scene-1094_010,26,7.347600,7.379350,8.831405,42,3.11.9,Windows-10-10.0.26200-SP0,not reported by OS,16
nuscenes,scene-1094_010,27,6.811500,7.379350,8.831405,42,3.11.9,Windows-10-10.0.26200-SP0,not reported by OS,16
nuscenes,scene-1094_010,28,6.871600,7.379350,8.831405,42,3.11.9,Windows-10-10.0.26200-SP0,not reported by OS,16
nuscenes,scene-1094_010,29,7.402200,7.379350,8.831405,42,3.11.9,Windows-10-10.0.26200-SP0,not reported by OS,16
nuscenes,scene-1094_010,30,7.331800,7.379350,8.831405,42,3.11.9,Windows-10-10.0.26200-SP0,not reported by OS,16
nuscenes,scene-1094_020,1,6.842800,7.848800,8.471780,42,3.11.9,Windows-10-10.0.26200-SP0,not reported by OS,16
nuscenes,scene-1094_020,2,6.772100,7.848800,8.471780,42,3.11.9,Windows-10-10.0.26200-SP0,not reported by OS,16
nuscenes,scene-1094_020,3,6.499400,7.848800,8.471780,42,3.11.9,Windows-10-10.0.26200-SP0,not reported by OS,16
nuscenes,scene-1094_020,4,7.080100,7.848800,8.471780,42,3.11.9,Windows-10-10.0.26200-SP0,not reported by OS,16
nuscenes,scene-1094_020,5,7.370700,7.848800,8.471780,42,3.11.9,Windows-10-10.0.26200-SP0,not reported by OS,16
nuscenes,scene-1094_020,6,6.982700,7.848800,8.471780,42,3.11.9,Windows-10-10.0.26200-SP0,not reported by OS,16
nuscenes,scene-1094_020,7,7.280300,7.848800,8.471780,42,3.11.9,Windows-10-10.0.26200-SP0,not reported by OS,16
nuscenes,scene-1094_020,8,7.637300,7.848800,8.471780,42,3.11.9,Windows-10-10.0.26200-SP0,not reported by OS,16
nuscenes,scene-1094_020,9,7.737300,7.848800,8.471780,42,3.11.9,Windows-10-10.0.26200-SP0,not reported by OS,16
nuscenes,scene-1094_020,10,7.594700,7.848800,8.471780,42,3.11.9,Windows-10-10.0.26200-SP0,not reported by OS,16
nuscenes,scene-1094_020,11,6.671900,7.848800,8.471780,42,3.11.9,Windows-10-10.0.26200-SP0,not reported by OS,16
nuscenes,scene-1094_020,12,7.765600,7.848800,8.471780,42,3.11.9,Windows-10-10.0.26200-SP0,not reported by OS,16
nuscenes,scene-1094_020,13,7.919600,7.848800,8.471780,42,3.11.9,Windows-10-10.0.26200-SP0,not reported by OS,16
nuscenes,scene-1094_020,14,8.273100,7.848800,8.471780,42,3.11.9,Windows-10-10.0.26200-SP0,not reported by OS,16
nuscenes,scene-1094_020,15,7.834900,7.848800,8.471780,42,3.11.9,Windows-10-10.0.26200-SP0,not reported by OS,16
nuscenes,scene-1094_020,16,8.289900,7.848800,8.471780,42,3.11.9,Windows-10-10.0.26200-SP0,not reported by OS,16
nuscenes,scene-1094_020,17,8.257300,7.848800,8.471780,42,3.11.9,Windows-10-10.0.26200-SP0,not reported by OS,16
nuscenes,scene-1094_020,18,7.616500,7.848800,8.471780,42,3.11.9,Windows-10-10.0.26200-SP0,not reported by OS,16
nuscenes,scene-1094_020,19,7.862700,7.848800,8.471780,42,3.11.9,Windows-10-10.0.26200-SP0,not reported by OS,16
nuscenes,scene-1094_020,20,7.812700,7.848800,8.471780,42,3.11.9,Windows-10-10.0.26200-SP0,not reported by OS,16
nuscenes,scene-1094_020,21,8.510300,7.848800,8.471780,42,3.11.9,Windows-10-10.0.26200-SP0,not reported by OS,16
nuscenes,scene-1094_020,22,8.313200,7.848800,8.471780,42,3.11.9,Windows-10-10.0.26200-SP0,not reported by OS,16
nuscenes,scene-1094_020,23,8.154300,7.848800,8.471780,42,3.11.9,Windows-10-10.0.26200-SP0,not reported by OS,16
nuscenes,scene-1094_020,24,8.424700,7.848800,8.471780,42,3.11.9,Windows-10-10.0.26200-SP0,not reported by OS,16
nuscenes,scene-1094_020,25,8.175000,7.848800,8.471780,42,3.11.9,Windows-10-10.0.26200-SP0,not reported by OS,16
nuscenes,scene-1094_020,26,8.160900,7.848800,8.471780,42,3.11.9,Windows-10-10.0.26200-SP0,not reported by OS,16
nuscenes,scene-1094_020,27,8.612300,7.848800,8.471780,42,3.11.9,Windows-10-10.0.26200-SP0,not reported by OS,16
nuscenes,scene-1094_020,28,8.154900,7.848800,8.471780,42,3.11.9,Windows-10-10.0.26200-SP0,not reported by OS,16
nuscenes,scene-1094_020,29,8.241500,7.848800,8.471780,42,3.11.9,Windows-10-10.0.26200-SP0,not reported by OS,16
nuscenes,scene-1094_020,30,7.962000,7.848800,8.471780,42,3.11.9,Windows-10-10.0.26200-SP0,not reported by OS,16
